"o.sites","counted","marked","yearname","year","pres.j1","pres.j2","pres.j3","count.j1","count.j2","count.j3","observer.j1","observer.j2","observer.j3","time.j1","time.j2","time.j3"
1,"yes","no","yr2007",2007,1,0,0,29,30,13,"tech.2","tech.4","tech.1",185,95,315
2,"no","no","yr2007",2007,1,0,0,NA,NA,NA,"tech.1","tech.4","tech.1",NA,NA,NA
3,"no","no","yr2007",2007,1,0,1,NA,NA,NA,"tech.3","tech.3","tech.2",NA,NA,NA
4,"yes","no","yr2007",2007,0,0,0,110,67,116,"tech.3","tech.2","tech.3",70,270,175
5,"no","no","yr2007",2007,1,0,0,NA,NA,NA,"tech.2","tech.4","tech.4",NA,NA,NA
6,"yes","no","yr2007",2007,0,0,0,0,0,0,"tech.1","tech.4","tech.2",165,115,315
7,"no","no","yr2007",2007,0,0,0,NA,NA,NA,"tech.3","tech.4","tech.2",NA,NA,NA
8,"yes","yes","yr2007",2007,0,0,1,91,79,128,"tech.2","tech.3","tech.1",310,20,270
9,"no","no","yr2007",2007,0,0,0,NA,NA,NA,"tech.2","tech.4","tech.1",NA,NA,NA
10,"yes","no","yr2007",2007,0,0,0,73,95,116,"tech.1","tech.1","tech.3",310,35,65
11,"yes","no","yr2007",2007,1,0,1,36,40,70,"tech.3","tech.4","tech.2",15,65,115
12,"yes","no","yr2007",2007,1,0,0,124,106,103,"tech.2","tech.3","tech.2",25,290,25
13,"yes","yes","yr2007",2007,1,1,1,21,37,34,"tech.1","tech.3","tech.3",25,205,220
14,"yes","yes","yr2007",2007,0,0,0,106,128,82,"tech.2","tech.3","tech.3",260,180,5
15,"no","no","yr2007",2007,0,0,0,NA,NA,NA,"tech.3","tech.4","tech.4",NA,NA,NA
16,"no","no","yr2007",2007,1,0,0,NA,NA,NA,"tech.4","tech.4","tech.4",NA,NA,NA
17,"yes","no","yr2007",2007,0,1,0,150,141,154,"tech.3","tech.1","tech.3",225,255,185
18,"no","no","yr2007",2007,0,0,0,NA,NA,NA,"tech.4","tech.1","tech.4",NA,NA,NA
19,"yes","no","yr2007",2007,0,1,0,105,73,69,"tech.2","tech.2","tech.1",170,260,40
20,"yes","no","yr2007",2007,0,0,0,37,30,27,"tech.3","tech.3","tech.2",135,80,90
21,"yes","no","yr2007",2007,1,0,1,157,129,182,"tech.1","tech.4","tech.1",110,260,190
22,"yes","no","yr2007",2007,0,0,0,80,93,82,"tech.1","tech.2","tech.3",105,120,210
23,"no","no","yr2007",2007,0,0,1,NA,NA,NA,"tech.4","tech.3","tech.2",NA,NA,NA
24,"no","no","yr2007",2007,0,0,0,NA,NA,NA,"tech.3","tech.3","tech.4",NA,NA,NA
25,"no","no","yr2007",2007,0,0,0,NA,NA,NA,"tech.3","tech.1","tech.1",NA,NA,NA
26,"yes","no","yr2007",2007,0,0,0,50,35,28,"tech.1","tech.3","tech.3",200,135,65
27,"no","no","yr2007",2007,1,0,0,NA,NA,NA,"tech.2","tech.4","tech.1",NA,NA,NA
28,"no","no","yr2007",2007,0,0,0,NA,NA,NA,"tech.2","tech.1","tech.2",NA,NA,NA
29,"no","no","yr2007",2007,0,0,0,NA,NA,NA,"tech.2","tech.2","tech.4",NA,NA,NA
30,"yes","no","yr2007",2007,0,0,1,57,63,39,"tech.3","tech.3","tech.4",190,115,300
31,"no","no","yr2007",2007,0,0,0,NA,NA,NA,"tech.1","tech.4","tech.2",NA,NA,NA
32,"no","no","yr2007",2007,1,0,0,NA,NA,NA,"tech.1","tech.2","tech.4",NA,NA,NA
33,"no","no","yr2007",2007,0,0,1,NA,NA,NA,"tech.4","tech.2","tech.3",NA,NA,NA
34,"no","no","yr2007",2007,0,0,0,NA,NA,NA,"tech.2","tech.3","tech.1",NA,NA,NA
35,"yes","no","yr2007",2007,0,0,0,0,0,0,"tech.2","tech.1","tech.4",210,265,270
36,"no","no","yr2007",2007,0,1,1,NA,NA,NA,"tech.3","tech.1","tech.1",NA,NA,NA
37,"yes","no","yr2007",2007,0,0,0,191,186,139,"tech.4","tech.2","tech.1",115,175,70
38,"yes","no","yr2007",2007,0,0,1,34,48,42,"tech.3","tech.1","tech.1",100,80,95
39,"yes","yes","yr2007",2007,0,0,0,51,94,89,"tech.2","tech.1","tech.3",320,105,230
40,"no","no","yr2007",2007,1,0,0,NA,NA,NA,"tech.1","tech.2","tech.1",NA,NA,NA
41,"no","no","yr2007",2007,0,0,1,NA,NA,NA,"tech.4","tech.3","tech.3",NA,NA,NA
42,"no","no","yr2007",2007,0,1,0,NA,NA,NA,"tech.4","tech.2","tech.3",NA,NA,NA
43,"no","no","yr2007",2007,1,0,1,NA,NA,NA,"tech.1","tech.3","tech.4",NA,NA,NA
44,"yes","no","yr2007",2007,1,0,0,115,97,86,"tech.4","tech.1","tech.4",140,260,15
45,"yes","no","yr2007",2007,1,0,1,32,35,35,"tech.3","tech.1","tech.1",25,275,50
46,"yes","yes","yr2007",2007,0,0,1,128,92,104,"tech.4","tech.2","tech.2",170,75,195
47,"no","no","yr2007",2007,0,0,0,NA,NA,NA,"tech.2","tech.4","tech.1",NA,NA,NA
48,"no","no","yr2007",2007,0,0,0,NA,NA,NA,"tech.1","tech.1","tech.1",NA,NA,NA
49,"yes","no","yr2007",2007,0,0,0,0,0,0,"tech.1","tech.3","tech.1",65,195,240
50,"yes","no","yr2007",2007,0,0,0,0,0,0,"tech.4","tech.3","tech.1",120,70,210
51,"no","no","yr2007",2007,0,0,0,NA,NA,NA,"tech.2","tech.2","tech.4",NA,NA,NA
52,"yes","no","yr2007",2007,0,1,0,14,15,10,"tech.4","tech.2","tech.4",285,125,40
53,"no","no","yr2007",2007,1,0,1,NA,NA,NA,"tech.2","tech.4","tech.2",NA,NA,NA
54,"no","no","yr2007",2007,0,0,0,NA,NA,NA,"tech.4","tech.4","tech.3",NA,NA,NA
55,"yes","no","yr2007",2007,0,0,1,134,44,158,"tech.1","tech.2","tech.1",40,360,75
56,"yes","no","yr2007",2007,0,0,1,30,100,118,"tech.4","tech.2","tech.2",355,110,160
57,"no","no","yr2007",2007,0,0,1,NA,NA,NA,"tech.4","tech.2","tech.4",NA,NA,NA
58,"yes","yes","yr2007",2007,0,0,0,0,0,0,"tech.4","tech.2","tech.3",290,160,125
59,"no","no","yr2007",2007,0,0,0,NA,NA,NA,"tech.2","tech.3","tech.2",NA,NA,NA
60,"yes","no","yr2007",2007,0,1,1,9,3,7,"tech.1","tech.3","tech.4",320,75,175
61,"no","no","yr2007",2007,0,0,0,NA,NA,NA,"tech.2","tech.4","tech.3",NA,NA,NA
62,"yes","yes","yr2007",2007,0,0,0,0,0,0,"tech.3","tech.3","tech.1",225,245,160
63,"no","no","yr2007",2007,0,0,0,NA,NA,NA,"tech.3","tech.4","tech.2",NA,NA,NA
64,"no","no","yr2007",2007,0,0,0,NA,NA,NA,"tech.4","tech.3","tech.3",NA,NA,NA
65,"yes","no","yr2007",2007,0,0,0,60,57,64,"tech.2","tech.3","tech.1",250,220,230
66,"no","no","yr2007",2007,0,0,0,NA,NA,NA,"tech.1","tech.4","tech.2",NA,NA,NA
67,"no","no","yr2007",2007,1,1,0,NA,NA,NA,"tech.1","tech.2","tech.4",NA,NA,NA
68,"yes","yes","yr2007",2007,0,1,0,21,7,21,"tech.2","tech.3","tech.2",225,340,70
69,"yes","yes","yr2007",2007,0,1,0,167,84,72,"tech.4","tech.4","tech.2",120,295,310
70,"no","no","yr2007",2007,0,0,0,NA,NA,NA,"tech.1","tech.1","tech.1",NA,NA,NA
71,"yes","no","yr2007",2007,0,0,0,63,56,42,"tech.1","tech.3","tech.4",105,195,310
72,"no","no","yr2007",2007,0,0,0,NA,NA,NA,"tech.3","tech.1","tech.1",NA,NA,NA
73,"no","no","yr2007",2007,0,0,1,NA,NA,NA,"tech.4","tech.3","tech.2",NA,NA,NA
74,"no","no","yr2007",2007,0,1,0,NA,NA,NA,"tech.4","tech.4","tech.1",NA,NA,NA
75,"yes","yes","yr2007",2007,0,0,1,40,35,44,"tech.1","tech.1","tech.2",40,15,115
76,"yes","yes","yr2007",2007,1,0,0,66,39,63,"tech.4","tech.4","tech.4",220,275,240
77,"no","no","yr2007",2007,0,0,0,NA,NA,NA,"tech.3","tech.4","tech.4",NA,NA,NA
78,"no","no","yr2007",2007,0,0,0,NA,NA,NA,"tech.2","tech.2","tech.2",NA,NA,NA
79,"yes","no","yr2007",2007,0,0,1,36,18,28,"tech.2","tech.3","tech.2",205,325,275
80,"no","no","yr2007",2007,0,1,1,NA,NA,NA,"tech.3","tech.1","tech.2",NA,NA,NA
81,"no","no","yr2007",2007,0,1,0,NA,NA,NA,"tech.1","tech.2","tech.4",NA,NA,NA
82,"no","no","yr2007",2007,0,0,0,NA,NA,NA,"tech.3","tech.3","tech.1",NA,NA,NA
83,"yes","yes","yr2007",2007,0,0,0,0,0,0,"tech.1","tech.1","tech.4",115,170,85
84,"yes","yes","yr2007",2007,0,0,1,24,39,30,"tech.1","tech.2","tech.2",290,225,275
85,"no","no","yr2007",2007,0,1,0,NA,NA,NA,"tech.3","tech.1","tech.4",NA,NA,NA
86,"yes","yes","yr2007",2007,0,0,0,66,109,86,"tech.3","tech.2","tech.4",25,110,150
87,"no","no","yr2007",2007,0,1,1,NA,NA,NA,"tech.4","tech.1","tech.2",NA,NA,NA
88,"yes","no","yr2007",2007,0,0,0,0,0,0,"tech.3","tech.3","tech.3",110,110,165
89,"no","no","yr2007",2007,0,0,0,NA,NA,NA,"tech.2","tech.1","tech.3",NA,NA,NA
90,"no","no","yr2007",2007,0,0,0,NA,NA,NA,"tech.4","tech.2","tech.4",NA,NA,NA
91,"yes","yes","yr2007",2007,0,1,0,18,11,8,"tech.4","tech.2","tech.1",270,280,280
92,"yes","no","yr2007",2007,0,0,0,0,0,0,"tech.2","tech.4","tech.4",255,85,35
93,"yes","yes","yr2007",2007,0,1,0,98,74,52,"tech.1","tech.1","tech.3",95,240,310
94,"yes","yes","yr2007",2007,0,0,0,27,75,31,"tech.4","tech.3","tech.2",345,105,310
95,"yes","yes","yr2007",2007,0,0,0,0,0,0,"tech.1","tech.1","tech.4",250,200,225
96,"no","no","yr2007",2007,0,0,0,NA,NA,NA,"tech.1","tech.4","tech.2",NA,NA,NA
97,"yes","no","yr2007",2007,0,0,0,0,1,1,"tech.2","tech.2","tech.4",255,125,330
98,"yes","yes","yr2007",2007,0,0,1,146,162,110,"tech.4","tech.4","tech.1",80,165,35
99,"no","no","yr2007",2007,0,0,0,NA,NA,NA,"tech.4","tech.2","tech.4",NA,NA,NA
100,"yes","yes","yr2007",2007,0,0,0,0,0,0,"tech.2","tech.3","tech.2",175,330,90
1,"yes","no","yr2008",2008,0,1,0,15,10,13,"tech.1","tech.4","tech.2",100,330,20
2,"no","no","yr2008",2008,0,0,0,NA,NA,NA,"tech.1","tech.3","tech.1",NA,NA,NA
3,"no","no","yr2008",2008,0,0,1,NA,NA,NA,"tech.2","tech.3","tech.3",NA,NA,NA
4,"yes","no","yr2008",2008,1,0,1,59,69,57,"tech.2","tech.3","tech.2",225,155,255
5,"no","no","yr2008",2008,0,0,0,NA,NA,NA,"tech.3","tech.2","tech.2",NA,NA,NA
6,"yes","no","yr2008",2008,0,0,0,0,3,0,"tech.2","tech.4","tech.4",360,50,315
7,"no","no","yr2008",2008,0,0,1,NA,NA,NA,"tech.4","tech.4","tech.1",NA,NA,NA
8,"yes","yes","yr2008",2008,0,0,0,0,0,5,"tech.3","tech.3","tech.4",25,190,230
9,"no","no","yr2008",2008,0,0,0,NA,NA,NA,"tech.3","tech.4","tech.2",NA,NA,NA
10,"yes","no","yr2008",2008,0,1,0,55,35,54,"tech.4","tech.3","tech.2",275,335,80
11,"yes","no","yr2008",2008,0,1,1,32,30,23,"tech.1","tech.1","tech.2",235,180,295
12,"yes","no","yr2008",2008,1,0,0,94,74,65,"tech.3","tech.4","tech.3",85,240,30
13,"yes","yes","yr2008",2008,0,1,1,24,18,9,"tech.3","tech.4","tech.1",60,20,330
14,"yes","yes","yr2008",2008,0,0,0,1,1,0,"tech.1","tech.3","tech.2",100,255,30
15,"no","no","yr2008",2008,0,1,1,NA,NA,NA,"tech.1","tech.1","tech.1",NA,NA,NA
16,"no","no","yr2008",2008,0,0,0,NA,NA,NA,"tech.3","tech.2","tech.4",NA,NA,NA
17,"yes","no","yr2008",2008,0,0,0,1,1,0,"tech.4","tech.1","tech.1",130,15,95
18,"no","no","yr2008",2008,0,1,0,NA,NA,NA,"tech.4","tech.1","tech.2",NA,NA,NA
19,"yes","no","yr2008",2008,0,0,0,40,60,42,"tech.2","tech.1","tech.3",60,180,135
20,"yes","no","yr2008",2008,1,0,0,4,14,8,"tech.2","tech.4","tech.1",350,165,40
21,"yes","no","yr2008",2008,0,0,0,3,0,0,"tech.4","tech.1","tech.4",70,250,5
22,"yes","no","yr2008",2008,1,0,0,44,55,27,"tech.1","tech.3","tech.2",60,195,250
23,"no","no","yr2008",2008,0,0,0,NA,NA,NA,"tech.4","tech.4","tech.4",NA,NA,NA
24,"no","no","yr2008",2008,0,0,0,NA,NA,NA,"tech.2","tech.3","tech.4",NA,NA,NA
25,"no","no","yr2008",2008,0,0,0,NA,NA,NA,"tech.4","tech.1","tech.2",NA,NA,NA
26,"yes","no","yr2008",2008,1,1,1,11,8,9,"tech.2","tech.1","tech.3",320,235,60
27,"no","no","yr2008",2008,1,0,1,NA,NA,NA,"tech.2","tech.3","tech.1",NA,NA,NA
28,"no","no","yr2008",2008,1,0,0,NA,NA,NA,"tech.1","tech.3","tech.3",NA,NA,NA
29,"no","no","yr2008",2008,0,1,0,NA,NA,NA,"tech.4","tech.4","tech.4",NA,NA,NA
30,"yes","no","yr2008",2008,0,1,0,23,24,28,"tech.4","tech.2","tech.3",105,160,50
31,"no","no","yr2008",2008,0,0,0,NA,NA,NA,"tech.4","tech.4","tech.4",NA,NA,NA
32,"no","no","yr2008",2008,0,0,0,NA,NA,NA,"tech.3","tech.3","tech.1",NA,NA,NA
33,"no","no","yr2008",2008,1,0,0,NA,NA,NA,"tech.4","tech.2","tech.4",NA,NA,NA
34,"no","no","yr2008",2008,1,0,1,NA,NA,NA,"tech.3","tech.3","tech.2",NA,NA,NA
35,"yes","no","yr2008",2008,0,0,0,1,1,1,"tech.2","tech.3","tech.1",5,290,120
36,"no","no","yr2008",2008,0,1,0,NA,NA,NA,"tech.3","tech.1","tech.3",NA,NA,NA
37,"yes","no","yr2008",2008,0,0,0,47,59,87,"tech.4","tech.2","tech.1",295,280,110
38,"yes","no","yr2008",2008,0,0,0,20,16,28,"tech.2","tech.1","tech.3",270,305,105
39,"yes","yes","yr2008",2008,0,0,1,49,30,46,"tech.3","tech.2","tech.2",140,295,145
40,"no","no","yr2008",2008,0,1,0,NA,NA,NA,"tech.4","tech.2","tech.4",NA,NA,NA
41,"no","no","yr2008",2008,1,0,1,NA,NA,NA,"tech.2","tech.4","tech.2",NA,NA,NA
42,"no","no","yr2008",2008,0,1,1,NA,NA,NA,"tech.3","tech.2","tech.3",NA,NA,NA
43,"no","no","yr2008",2008,1,1,1,NA,NA,NA,"tech.2","tech.1","tech.3",NA,NA,NA
44,"yes","no","yr2008",2008,0,0,1,90,89,47,"tech.3","tech.2","tech.1",230,155,290
45,"yes","no","yr2008",2008,0,0,0,16,6,19,"tech.3","tech.3","tech.3",80,340,310
46,"yes","yes","yr2008",2008,0,1,0,38,50,42,"tech.2","tech.2","tech.4",95,170,245
47,"no","no","yr2008",2008,0,0,0,NA,NA,NA,"tech.4","tech.4","tech.1",NA,NA,NA
48,"no","no","yr2008",2008,1,0,1,NA,NA,NA,"tech.3","tech.3","tech.1",NA,NA,NA
49,"yes","no","yr2008",2008,0,0,0,4,3,2,"tech.2","tech.4","tech.2",60,310,325
50,"yes","no","yr2008",2008,0,0,0,0,0,0,"tech.1","tech.1","tech.1",215,355,5
51,"no","no","yr2008",2008,0,0,1,NA,NA,NA,"tech.4","tech.4","tech.2",NA,NA,NA
52,"yes","no","yr2008",2008,0,0,0,0,0,0,"tech.1","tech.3","tech.4",300,70,115
53,"no","no","yr2008",2008,0,0,0,NA,NA,NA,"tech.4","tech.4","tech.3",NA,NA,NA
54,"no","no","yr2008",2008,0,1,0,NA,NA,NA,"tech.3","tech.1","tech.4",NA,NA,NA
55,"yes","no","yr2008",2008,0,0,0,69,52,69,"tech.2","tech.4","tech.2",55,45,170
56,"yes","no","yr2008",2008,0,0,0,30,27,40,"tech.3","tech.1","tech.2",290,325,5
57,"no","no","yr2008",2008,0,0,0,NA,NA,NA,"tech.3","tech.2","tech.4",NA,NA,NA
58,"yes","yes","yr2008",2008,0,0,0,1,0,1,"tech.4","tech.3","tech.1",120,60,45
59,"no","no","yr2008",2008,0,0,0,NA,NA,NA,"tech.3","tech.3","tech.4",NA,NA,NA
60,"yes","no","yr2008",2008,0,0,1,4,5,7,"tech.4","tech.2","tech.1",10,260,100
61,"no","no","yr2008",2008,0,0,0,NA,NA,NA,"tech.3","tech.1","tech.2",NA,NA,NA
62,"yes","yes","yr2008",2008,0,0,0,0,0,0,"tech.1","tech.3","tech.3",15,25,340
63,"no","no","yr2008",2008,0,0,0,NA,NA,NA,"tech.3","tech.4","tech.3",NA,NA,NA
64,"no","no","yr2008",2008,0,0,0,NA,NA,NA,"tech.4","tech.1","tech.1",NA,NA,NA
65,"yes","no","yr2008",2008,0,0,1,20,25,15,"tech.3","tech.4","tech.2",315,255,325
66,"no","no","yr2008",2008,0,1,1,NA,NA,NA,"tech.2","tech.2","tech.1",NA,NA,NA
67,"no","no","yr2008",2008,0,0,0,NA,NA,NA,"tech.4","tech.4","tech.4",NA,NA,NA
68,"yes","yes","yr2008",2008,0,0,0,1,0,1,"tech.2","tech.4","tech.2",250,220,5
69,"yes","yes","yr2008",2008,0,0,0,0,0,0,"tech.2","tech.3","tech.1",120,60,65
70,"no","no","yr2008",2008,0,0,0,NA,NA,NA,"tech.4","tech.4","tech.4",NA,NA,NA
71,"yes","no","yr2008",2008,0,1,0,21,14,28,"tech.3","tech.1","tech.4",260,35,220
72,"no","no","yr2008",2008,0,0,0,NA,NA,NA,"tech.1","tech.2","tech.4",NA,NA,NA
73,"no","no","yr2008",2008,0,1,0,NA,NA,NA,"tech.1","tech.1","tech.4",NA,NA,NA
74,"no","no","yr2008",2008,0,1,1,NA,NA,NA,"tech.4","tech.2","tech.2",NA,NA,NA
75,"yes","yes","yr2008",2008,0,0,0,2,7,1,"tech.1","tech.1","tech.2",20,15,130
76,"yes","yes","yr2008",2008,1,1,0,34,25,30,"tech.2","tech.1","tech.4",110,30,120
77,"no","no","yr2008",2008,1,0,1,NA,NA,NA,"tech.2","tech.4","tech.1",NA,NA,NA
78,"no","no","yr2008",2008,0,0,0,NA,NA,NA,"tech.4","tech.1","tech.1",NA,NA,NA
79,"yes","no","yr2008",2008,0,0,0,0,1,0,"tech.3","tech.4","tech.4",185,225,30
80,"no","no","yr2008",2008,0,0,1,NA,NA,NA,"tech.4","tech.4","tech.4",NA,NA,NA
81,"no","no","yr2008",2008,0,0,1,NA,NA,NA,"tech.3","tech.3","tech.2",NA,NA,NA
82,"no","no","yr2008",2008,0,0,0,NA,NA,NA,"tech.3","tech.3","tech.4",NA,NA,NA
83,"yes","yes","yr2008",2008,0,0,0,0,0,0,"tech.3","tech.2","tech.2",170,115,140
84,"yes","yes","yr2008",2008,1,0,0,24,22,5,"tech.1","tech.3","tech.2",175,95,345
85,"no","no","yr2008",2008,0,0,1,NA,NA,NA,"tech.1","tech.1","tech.1",NA,NA,NA
86,"yes","yes","yr2008",2008,0,0,0,24,28,38,"tech.1","tech.2","tech.2",340,315,55
87,"no","no","yr2008",2008,0,0,0,NA,NA,NA,"tech.2","tech.4","tech.4",NA,NA,NA
88,"yes","no","yr2008",2008,0,0,0,1,1,1,"tech.1","tech.2","tech.3",20,75,175
89,"no","no","yr2008",2008,0,0,0,NA,NA,NA,"tech.4","tech.4","tech.3",NA,NA,NA
90,"no","no","yr2008",2008,0,0,0,NA,NA,NA,"tech.3","tech.2","tech.4",NA,NA,NA
91,"yes","yes","yr2008",2008,0,0,0,9,7,8,"tech.2","tech.4","tech.3",65,0,175
92,"yes","no","yr2008",2008,1,0,0,3,0,1,"tech.2","tech.4","tech.3",95,325,130
93,"yes","yes","yr2008",2008,0,1,0,32,11,30,"tech.4","tech.2","tech.4",260,355,100
94,"yes","yes","yr2008",2008,0,1,0,15,41,19,"tech.1","tech.1","tech.1",5,135,275
95,"yes","yes","yr2008",2008,0,0,0,0,0,0,"tech.4","tech.4","tech.3",295,310,360
96,"no","no","yr2008",2008,0,0,0,NA,NA,NA,"tech.3","tech.2","tech.1",NA,NA,NA
97,"yes","no","yr2008",2008,0,0,0,0,1,3,"tech.4","tech.1","tech.2",55,120,15
98,"yes","yes","yr2008",2008,0,0,0,28,56,48,"tech.3","tech.4","tech.4",340,260,35
99,"no","no","yr2008",2008,0,0,0,NA,NA,NA,"tech.4","tech.4","tech.1",NA,NA,NA
100,"yes","yes","yr2008",2008,0,1,0,1,0,5,"tech.4","tech.4","tech.4",295,160,230
1,"yes","no","yr2009",2009,0,0,0,6,0,7,"tech.2","tech.2","tech.3",15,360,20
2,"no","no","yr2009",2009,0,0,0,NA,NA,NA,"tech.3","tech.1","tech.2",NA,NA,NA
3,"no","no","yr2009",2009,1,0,1,NA,NA,NA,"tech.2","tech.3","tech.2",NA,NA,NA
4,"yes","no","yr2009",2009,0,0,0,63,58,67,"tech.1","tech.3","tech.1",60,215,165
5,"no","no","yr2009",2009,1,0,0,NA,NA,NA,"tech.2","tech.4","tech.1",NA,NA,NA
6,"yes","no","yr2009",2009,0,0,0,0,1,0,"tech.4","tech.3","tech.3",140,90,255
7,"no","no","yr2009",2009,0,0,0,NA,NA,NA,"tech.3","tech.4","tech.3",NA,NA,NA
8,"yes","yes","yr2009",2009,0,0,0,1,0,0,"tech.1","tech.4","tech.3",170,70,330
9,"no","no","yr2009",2009,0,1,0,NA,NA,NA,"tech.3","tech.4","tech.2",NA,NA,NA
10,"yes","no","yr2009",2009,0,1,0,20,37,35,"tech.2","tech.1","tech.4",360,40,305
11,"yes","no","yr2009",2009,1,0,1,12,27,27,"tech.1","tech.3","tech.1",15,145,205
12,"yes","no","yr2009",2009,0,0,0,1,3,2,"tech.1","tech.4","tech.2",125,170,20
13,"yes","yes","yr2009",2009,0,0,0,4,4,4,"tech.3","tech.3","tech.1",340,105,180
14,"yes","yes","yr2009",2009,1,0,1,8,3,5,"tech.1","tech.2","tech.1",175,225,0
15,"no","no","yr2009",2009,0,0,0,NA,NA,NA,"tech.2","tech.3","tech.4",NA,NA,NA
16,"no","no","yr2009",2009,0,0,1,NA,NA,NA,"tech.2","tech.2","tech.1",NA,NA,NA
17,"yes","no","yr2009",2009,0,0,0,1,3,0,"tech.4","tech.1","tech.3",185,170,135
18,"no","no","yr2009",2009,1,1,0,NA,NA,NA,"tech.3","tech.4","tech.4",NA,NA,NA
19,"yes","no","yr2009",2009,0,0,0,28,26,29,"tech.1","tech.3","tech.3",180,240,5
20,"yes","no","yr2009",2009,0,0,0,16,10,13,"tech.2","tech.4","tech.1",165,235,280
21,"yes","no","yr2009",2009,1,0,0,4,1,1,"tech.1","tech.4","tech.3",250,0,240
22,"yes","no","yr2009",2009,0,0,0,0,0,0,"tech.4","tech.1","tech.1",125,290,285
23,"no","no","yr2009",2009,0,0,0,NA,NA,NA,"tech.2","tech.1","tech.3",NA,NA,NA
24,"no","no","yr2009",2009,0,0,0,NA,NA,NA,"tech.3","tech.3","tech.4",NA,NA,NA
25,"no","no","yr2009",2009,1,0,0,NA,NA,NA,"tech.1","tech.4","tech.4",NA,NA,NA
26,"yes","no","yr2009",2009,0,1,0,13,16,15,"tech.2","tech.1","tech.4",130,135,70
27,"no","no","yr2009",2009,0,0,0,NA,NA,NA,"tech.2","tech.3","tech.2",NA,NA,NA
28,"no","no","yr2009",2009,0,0,1,NA,NA,NA,"tech.2","tech.4","tech.1",NA,NA,NA
29,"no","no","yr2009",2009,1,0,0,NA,NA,NA,"tech.1","tech.2","tech.3",NA,NA,NA
30,"yes","no","yr2009",2009,0,0,0,29,14,18,"tech.3","tech.4","tech.3",160,295,10
31,"no","no","yr2009",2009,1,1,1,NA,NA,NA,"tech.3","tech.1","tech.3",NA,NA,NA
32,"no","no","yr2009",2009,0,0,1,NA,NA,NA,"tech.4","tech.2","tech.2",NA,NA,NA
33,"no","no","yr2009",2009,0,0,0,NA,NA,NA,"tech.4","tech.4","tech.4",NA,NA,NA
34,"no","no","yr2009",2009,0,0,0,NA,NA,NA,"tech.3","tech.4","tech.4",NA,NA,NA
35,"yes","no","yr2009",2009,0,0,0,1,1,2,"tech.2","tech.2","tech.4",100,135,135
36,"no","no","yr2009",2009,0,1,0,NA,NA,NA,"tech.4","tech.2","tech.1",NA,NA,NA
37,"yes","no","yr2009",2009,0,1,1,62,37,60,"tech.2","tech.3","tech.4",125,35,80
38,"yes","no","yr2009",2009,0,1,1,5,9,20,"tech.3","tech.2","tech.1",320,325,210
39,"yes","yes","yr2009",2009,0,1,0,36,21,28,"tech.2","tech.1","tech.3",105,310,290
40,"no","no","yr2009",2009,0,0,0,NA,NA,NA,"tech.3","tech.4","tech.4",NA,NA,NA
41,"no","no","yr2009",2009,1,0,0,NA,NA,NA,"tech.2","tech.4","tech.3",NA,NA,NA
42,"no","no","yr2009",2009,0,0,1,NA,NA,NA,"tech.4","tech.4","tech.4",NA,NA,NA
43,"no","no","yr2009",2009,0,0,0,NA,NA,NA,"tech.4","tech.1","tech.3",NA,NA,NA
44,"yes","no","yr2009",2009,0,0,0,0,1,0,"tech.3","tech.3","tech.2",195,5,340
45,"yes","no","yr2009",2009,0,0,0,7,24,23,"tech.3","tech.4","tech.3",360,150,185
46,"yes","yes","yr2009",2009,1,0,0,29,35,33,"tech.2","tech.3","tech.1",20,255,45
47,"no","no","yr2009",2009,0,0,0,NA,NA,NA,"tech.2","tech.3","tech.2",NA,NA,NA
48,"no","no","yr2009",2009,0,1,1,NA,NA,NA,"tech.4","tech.2","tech.2",NA,NA,NA
49,"yes","no","yr2009",2009,1,0,1,7,5,0,"tech.2","tech.4","tech.2",80,205,340
50,"yes","no","yr2009",2009,0,0,0,0,2,1,"tech.3","tech.2","tech.4",115,195,195
51,"no","no","yr2009",2009,0,0,0,NA,NA,NA,"tech.3","tech.3","tech.1",NA,NA,NA
52,"yes","no","yr2009",2009,0,0,0,0,0,1,"tech.4","tech.3","tech.3",310,40,115
53,"no","no","yr2009",2009,0,0,1,NA,NA,NA,"tech.3","tech.2","tech.3",NA,NA,NA
54,"no","no","yr2009",2009,0,1,0,NA,NA,NA,"tech.1","tech.1","tech.1",NA,NA,NA
55,"yes","no","yr2009",2009,0,0,0,47,40,53,"tech.4","tech.2","tech.2",65,95,130
56,"yes","no","yr2009",2009,1,0,0,51,35,18,"tech.2","tech.3","tech.1",210,95,15
57,"no","no","yr2009",2009,1,0,0,NA,NA,NA,"tech.3","tech.3","tech.4",NA,NA,NA
58,"yes","yes","yr2009",2009,0,0,0,3,1,0,"tech.2","tech.3","tech.3",125,360,360
59,"no","no","yr2009",2009,0,0,0,NA,NA,NA,"tech.2","tech.4","tech.1",NA,NA,NA
60,"yes","no","yr2009",2009,0,0,0,8,6,4,"tech.3","tech.4","tech.1",160,230,75
61,"no","no","yr2009",2009,0,0,0,NA,NA,NA,"tech.2","tech.4","tech.4",NA,NA,NA
62,"yes","yes","yr2009",2009,0,0,0,0,0,0,"tech.3","tech.2","tech.1",345,230,40
63,"no","no","yr2009",2009,0,0,0,NA,NA,NA,"tech.4","tech.3","tech.2",NA,NA,NA
64,"no","no","yr2009",2009,0,0,0,NA,NA,NA,"tech.3","tech.3","tech.2",NA,NA,NA
65,"yes","no","yr2009",2009,0,0,0,25,36,33,"tech.1","tech.3","tech.4",15,165,95
66,"no","no","yr2009",2009,1,1,0,NA,NA,NA,"tech.1","tech.2","tech.4",NA,NA,NA
67,"no","no","yr2009",2009,0,0,0,NA,NA,NA,"tech.2","tech.4","tech.2",NA,NA,NA
68,"yes","yes","yr2009",2009,0,1,0,0,0,0,"tech.3","tech.2","tech.2",140,70,20
69,"yes","yes","yr2009",2009,0,0,0,1,2,0,"tech.2","tech.4","tech.1",40,135,85
70,"no","no","yr2009",2009,0,0,1,NA,NA,NA,"tech.4","tech.4","tech.1",NA,NA,NA
71,"yes","no","yr2009",2009,0,0,0,26,16,15,"tech.1","tech.3","tech.1",165,30,300
72,"no","no","yr2009",2009,0,0,0,NA,NA,NA,"tech.1","tech.1","tech.2",NA,NA,NA
73,"no","no","yr2009",2009,0,0,0,NA,NA,NA,"tech.3","tech.3","tech.4",NA,NA,NA
74,"no","no","yr2009",2009,0,1,1,NA,NA,NA,"tech.3","tech.1","tech.2",NA,NA,NA
75,"yes","yes","yr2009",2009,0,1,1,10,4,8,"tech.4","tech.3","tech.2",170,355,285
76,"yes","yes","yr2009",2009,0,1,0,9,32,32,"tech.4","tech.1","tech.2",350,80,235
77,"no","no","yr2009",2009,0,1,1,NA,NA,NA,"tech.4","tech.2","tech.1",NA,NA,NA
78,"no","no","yr2009",2009,0,0,0,NA,NA,NA,"tech.1","tech.2","tech.2",NA,NA,NA
79,"yes","no","yr2009",2009,0,1,0,3,4,3,"tech.1","tech.1","tech.3",230,155,5
80,"no","no","yr2009",2009,1,0,0,NA,NA,NA,"tech.1","tech.4","tech.1",NA,NA,NA
81,"no","no","yr2009",2009,0,1,0,NA,NA,NA,"tech.3","tech.1","tech.2",NA,NA,NA
82,"no","no","yr2009",2009,1,0,0,NA,NA,NA,"tech.3","tech.3","tech.2",NA,NA,NA
83,"yes","yes","yr2009",2009,1,0,0,0,0,0,"tech.2","tech.3","tech.1",40,360,345
84,"yes","yes","yr2009",2009,0,0,1,13,22,16,"tech.4","tech.3","tech.2",270,260,310
85,"no","no","yr2009",2009,0,0,1,NA,NA,NA,"tech.3","tech.2","tech.2",NA,NA,NA
86,"yes","yes","yr2009",2009,0,0,1,41,18,38,"tech.2","tech.2","tech.3",240,335,140
87,"no","no","yr2009",2009,1,1,0,NA,NA,NA,"tech.2","tech.3","tech.4",NA,NA,NA
88,"yes","no","yr2009",2009,0,0,0,2,0,1,"tech.1","tech.4","tech.3",160,320,50
89,"no","no","yr2009",2009,0,0,0,NA,NA,NA,"tech.4","tech.2","tech.1",NA,NA,NA
90,"no","no","yr2009",2009,1,0,0,NA,NA,NA,"tech.1","tech.3","tech.1",NA,NA,NA
91,"yes","yes","yr2009",2009,0,0,0,0,0,0,"tech.4","tech.1","tech.2",285,285,30
92,"yes","no","yr2009",2009,0,0,0,6,6,11,"tech.3","tech.4","tech.2",75,350,245
93,"yes","yes","yr2009",2009,1,1,0,32,32,16,"tech.1","tech.1","tech.3",80,220,355
94,"yes","yes","yr2009",2009,0,0,1,22,22,8,"tech.3","tech.3","tech.2",185,310,350
95,"yes","yes","yr2009",2009,0,0,0,5,2,8,"tech.3","tech.3","tech.2",270,345,110
96,"no","no","yr2009",2009,0,0,0,NA,NA,NA,"tech.3","tech.1","tech.1",NA,NA,NA
97,"yes","no","yr2009",2009,0,0,0,11,8,4,"tech.4","tech.3","tech.3",190,300,190
98,"yes","yes","yr2009",2009,0,0,0,31,37,29,"tech.3","tech.2","tech.1",330,270,340
99,"no","no","yr2009",2009,0,0,0,NA,NA,NA,"tech.4","tech.3","tech.3",NA,NA,NA
100,"yes","yes","yr2009",2009,0,0,0,5,2,3,"tech.4","tech.1","tech.3",270,150,5
1,"yes","no","yr2010",2010,1,1,0,8,1,3,"tech.1","tech.1","tech.4",250,90,340
2,"no","no","yr2010",2010,0,0,0,NA,NA,NA,"tech.4","tech.1","tech.3",NA,NA,NA
3,"no","no","yr2010",2010,0,0,0,NA,NA,NA,"tech.4","tech.1","tech.3",NA,NA,NA
4,"yes","no","yr2010",2010,0,0,0,30,34,31,"tech.3","tech.2","tech.3",45,275,315
5,"no","no","yr2010",2010,0,1,0,NA,NA,NA,"tech.3","tech.1","tech.2",NA,NA,NA
6,"yes","no","yr2010",2010,0,0,0,0,0,0,"tech.4","tech.4","tech.3",35,135,320
7,"no","no","yr2010",2010,0,0,0,NA,NA,NA,"tech.4","tech.3","tech.4",NA,NA,NA
8,"yes","yes","yr2010",2010,0,0,0,0,0,0,"tech.2","tech.2","tech.4",305,75,265
9,"no","no","yr2010",2010,0,0,0,NA,NA,NA,"tech.1","tech.1","tech.4",NA,NA,NA
10,"yes","no","yr2010",2010,0,0,1,24,17,30,"tech.3","tech.4","tech.1",125,215,220
11,"yes","no","yr2010",2010,0,1,1,21,6,21,"tech.2","tech.2","tech.1",70,315,235
12,"yes","no","yr2010",2010,1,0,1,8,3,0,"tech.1","tech.1","tech.2",230,300,345
13,"yes","yes","yr2010",2010,0,1,0,10,2,2,"tech.1","tech.1","tech.4",70,20,5
14,"yes","yes","yr2010",2010,0,0,0,6,8,1,"tech.2","tech.1","tech.2",295,95,360
15,"no","no","yr2010",2010,0,0,0,NA,NA,NA,"tech.1","tech.1","tech.4",NA,NA,NA
16,"no","no","yr2010",2010,0,0,0,NA,NA,NA,"tech.4","tech.3","tech.4",NA,NA,NA
17,"yes","no","yr2010",2010,0,0,0,3,1,0,"tech.4","tech.4","tech.1",95,295,30
18,"no","no","yr2010",2010,0,1,0,NA,NA,NA,"tech.2","tech.2","tech.3",NA,NA,NA
19,"yes","no","yr2010",2010,0,0,0,0,0,0,"tech.4","tech.4","tech.2",315,90,0
20,"yes","no","yr2010",2010,0,0,1,3,4,4,"tech.4","tech.4","tech.3",270,255,115
21,"yes","no","yr2010",2010,0,0,0,1,4,2,"tech.4","tech.2","tech.3",85,215,15
22,"yes","no","yr2010",2010,0,0,0,0,0,1,"tech.1","tech.1","tech.1",75,215,145
23,"no","no","yr2010",2010,1,0,0,NA,NA,NA,"tech.1","tech.2","tech.4",NA,NA,NA
24,"no","no","yr2010",2010,0,0,0,NA,NA,NA,"tech.4","tech.4","tech.2",NA,NA,NA
25,"no","no","yr2010",2010,0,0,0,NA,NA,NA,"tech.2","tech.3","tech.1",NA,NA,NA
26,"yes","no","yr2010",2010,0,0,0,1,3,4,"tech.3","tech.4","tech.1",115,280,310
27,"no","no","yr2010",2010,0,0,0,NA,NA,NA,"tech.1","tech.1","tech.2",NA,NA,NA
28,"no","no","yr2010",2010,0,1,0,NA,NA,NA,"tech.3","tech.2","tech.2",NA,NA,NA
29,"no","no","yr2010",2010,1,0,0,NA,NA,NA,"tech.1","tech.1","tech.3",NA,NA,NA
30,"yes","no","yr2010",2010,0,1,0,14,9,9,"tech.4","tech.1","tech.3",45,110,10
31,"no","no","yr2010",2010,0,0,0,NA,NA,NA,"tech.2","tech.2","tech.2",NA,NA,NA
32,"no","no","yr2010",2010,0,1,0,NA,NA,NA,"tech.1","tech.4","tech.2",NA,NA,NA
33,"no","no","yr2010",2010,0,0,0,NA,NA,NA,"tech.1","tech.1","tech.3",NA,NA,NA
34,"no","no","yr2010",2010,1,0,0,NA,NA,NA,"tech.3","tech.2","tech.1",NA,NA,NA
35,"yes","no","yr2010",2010,0,0,0,0,1,2,"tech.1","tech.4","tech.3",320,35,90
36,"no","no","yr2010",2010,0,0,1,NA,NA,NA,"tech.2","tech.3","tech.3",NA,NA,NA
37,"yes","no","yr2010",2010,0,0,0,28,8,37,"tech.4","tech.1","tech.1",50,340,205
38,"yes","no","yr2010",2010,0,0,0,0,0,1,"tech.3","tech.4","tech.2",350,25,60
39,"yes","yes","yr2010",2010,0,0,0,10,30,4,"tech.3","tech.2","tech.4",60,150,335
40,"no","no","yr2010",2010,0,0,1,NA,NA,NA,"tech.3","tech.4","tech.2",NA,NA,NA
41,"no","no","yr2010",2010,0,0,0,NA,NA,NA,"tech.4","tech.3","tech.4",NA,NA,NA
42,"no","no","yr2010",2010,1,0,1,NA,NA,NA,"tech.4","tech.3","tech.3",NA,NA,NA
43,"no","no","yr2010",2010,1,0,1,NA,NA,NA,"tech.1","tech.4","tech.2",NA,NA,NA
44,"yes","no","yr2010",2010,0,0,0,3,4,0,"tech.4","tech.3","tech.4",100,260,275
45,"yes","no","yr2010",2010,0,0,0,3,7,6,"tech.3","tech.3","tech.3",350,335,320
46,"yes","yes","yr2010",2010,0,1,0,14,11,23,"tech.3","tech.1","tech.1",205,5,145
47,"no","no","yr2010",2010,0,0,0,NA,NA,NA,"tech.1","tech.3","tech.3",NA,NA,NA
48,"no","no","yr2010",2010,0,0,0,NA,NA,NA,"tech.3","tech.1","tech.3",NA,NA,NA
49,"yes","no","yr2010",2010,0,1,0,1,4,4,"tech.1","tech.2","tech.3",350,210,230
50,"yes","no","yr2010",2010,0,0,0,0,2,1,"tech.4","tech.2","tech.3",170,90,265
51,"no","no","yr2010",2010,0,0,0,NA,NA,NA,"tech.3","tech.1","tech.2",NA,NA,NA
52,"yes","no","yr2010",2010,0,0,0,0,1,0,"tech.3","tech.3","tech.1",225,95,35
53,"no","no","yr2010",2010,0,0,0,NA,NA,NA,"tech.2","tech.1","tech.1",NA,NA,NA
54,"no","no","yr2010",2010,1,0,0,NA,NA,NA,"tech.1","tech.3","tech.2",NA,NA,NA
55,"yes","no","yr2010",2010,1,0,1,19,43,26,"tech.4","tech.2","tech.2",335,170,65
56,"yes","no","yr2010",2010,0,1,0,22,12,16,"tech.4","tech.1","tech.2",230,335,285
57,"no","no","yr2010",2010,1,0,0,NA,NA,NA,"tech.3","tech.2","tech.1",NA,NA,NA
58,"yes","yes","yr2010",2010,0,0,0,0,1,1,"tech.4","tech.1","tech.3",310,360,290
59,"no","no","yr2010",2010,0,0,0,NA,NA,NA,"tech.2","tech.4","tech.3",NA,NA,NA
60,"yes","no","yr2010",2010,0,0,0,5,4,8,"tech.2","tech.3","tech.3",90,180,285
61,"no","no","yr2010",2010,0,0,0,NA,NA,NA,"tech.2","tech.2","tech.3",NA,NA,NA
62,"yes","yes","yr2010",2010,0,0,0,0,4,1,"tech.4","tech.3","tech.3",310,170,285
63,"no","no","yr2010",2010,0,0,1,NA,NA,NA,"tech.3","tech.4","tech.1",NA,NA,NA
64,"no","no","yr2010",2010,0,0,0,NA,NA,NA,"tech.4","tech.4","tech.4",NA,NA,NA
65,"yes","no","yr2010",2010,0,0,0,12,26,30,"tech.1","tech.4","tech.4",115,215,130
66,"no","no","yr2010",2010,1,1,0,NA,NA,NA,"tech.2","tech.4","tech.1",NA,NA,NA
67,"no","no","yr2010",2010,1,0,0,NA,NA,NA,"tech.3","tech.3","tech.4",NA,NA,NA
68,"yes","yes","yr2010",2010,0,0,0,0,1,0,"tech.3","tech.4","tech.4",135,310,135
69,"yes","yes","yr2010",2010,0,0,0,0,0,2,"tech.4","tech.1","tech.3",140,110,215
70,"no","no","yr2010",2010,0,1,0,NA,NA,NA,"tech.4","tech.3","tech.3",NA,NA,NA
71,"yes","no","yr2010",2010,1,1,0,12,18,14,"tech.1","tech.1","tech.2",65,70,280
72,"no","no","yr2010",2010,0,0,0,NA,NA,NA,"tech.1","tech.4","tech.1",NA,NA,NA
73,"no","no","yr2010",2010,0,0,0,NA,NA,NA,"tech.3","tech.4","tech.4",NA,NA,NA
74,"no","no","yr2010",2010,0,1,1,NA,NA,NA,"tech.3","tech.1","tech.2",NA,NA,NA
75,"yes","yes","yr2010",2010,0,1,1,16,7,5,"tech.4","tech.2","tech.2",115,335,45
76,"yes","yes","yr2010",2010,0,0,0,20,15,19,"tech.3","tech.4","tech.2",75,155,10
77,"no","no","yr2010",2010,0,0,0,NA,NA,NA,"tech.3","tech.3","tech.3",NA,NA,NA
78,"no","no","yr2010",2010,0,0,0,NA,NA,NA,"tech.3","tech.3","tech.4",NA,NA,NA
79,"yes","no","yr2010",2010,1,0,0,1,0,8,"tech.2","tech.4","tech.2",360,345,100
80,"no","no","yr2010",2010,0,0,0,NA,NA,NA,"tech.1","tech.4","tech.1",NA,NA,NA
81,"no","no","yr2010",2010,0,0,1,NA,NA,NA,"tech.4","tech.3","tech.1",NA,NA,NA
82,"no","no","yr2010",2010,0,0,0,NA,NA,NA,"tech.2","tech.4","tech.2",NA,NA,NA
83,"yes","yes","yr2010",2010,0,0,0,0,0,0,"tech.1","tech.1","tech.4",155,95,345
84,"yes","yes","yr2010",2010,1,0,0,4,10,8,"tech.3","tech.3","tech.4",35,35,40
85,"no","no","yr2010",2010,0,0,1,NA,NA,NA,"tech.4","tech.2","tech.1",NA,NA,NA
86,"yes","yes","yr2010",2010,0,1,0,18,31,6,"tech.2","tech.2","tech.1",15,220,355
87,"no","no","yr2010",2010,0,0,0,NA,NA,NA,"tech.2","tech.1","tech.2",NA,NA,NA
88,"yes","no","yr2010",2010,0,0,0,4,2,0,"tech.4","tech.4","tech.4",185,100,345
89,"no","no","yr2010",2010,0,0,0,NA,NA,NA,"tech.2","tech.3","tech.1",NA,NA,NA
90,"no","no","yr2010",2010,0,0,0,NA,NA,NA,"tech.2","tech.4","tech.1",NA,NA,NA
91,"yes","yes","yr2010",2010,0,0,0,0,0,0,"tech.4","tech.3","tech.3",215,310,225
92,"yes","no","yr2010",2010,0,0,0,4,4,5,"tech.1","tech.2","tech.2",130,195,115
93,"yes","yes","yr2010",2010,1,1,1,15,18,17,"tech.2","tech.3","tech.2",205,210,215
94,"yes","yes","yr2010",2010,0,0,0,15,17,18,"tech.4","tech.4","tech.4",185,260,240
95,"yes","yes","yr2010",2010,0,0,1,6,6,9,"tech.4","tech.4","tech.1",120,250,145
96,"no","no","yr2010",2010,0,0,0,NA,NA,NA,"tech.1","tech.4","tech.4",NA,NA,NA
97,"yes","no","yr2010",2010,0,0,0,1,6,12,"tech.2","tech.4","tech.4",330,170,155
98,"yes","yes","yr2010",2010,0,1,1,18,50,43,"tech.2","tech.1","tech.2",315,210,220
99,"no","no","yr2010",2010,0,0,0,NA,NA,NA,"tech.2","tech.1","tech.4",NA,NA,NA
100,"yes","yes","yr2010",2010,0,0,0,8,6,14,"tech.2","tech.4","tech.1",120,25,80
1,"yes","no","yr2011",2011,0,0,0,0,0,0,"tech.1","tech.1","tech.1",345,310,255
2,"no","no","yr2011",2011,0,0,0,NA,NA,NA,"tech.2","tech.1","tech.1",NA,NA,NA
3,"no","no","yr2011",2011,1,1,0,NA,NA,NA,"tech.1","tech.1","tech.4",NA,NA,NA
4,"yes","no","yr2011",2011,0,0,0,86,43,98,"tech.3","tech.1","tech.1",210,320,160
5,"no","no","yr2011",2011,0,0,1,NA,NA,NA,"tech.4","tech.4","tech.1",NA,NA,NA
6,"yes","no","yr2011",2011,0,0,0,0,0,0,"tech.2","tech.3","tech.2",355,85,290
7,"no","no","yr2011",2011,0,0,0,NA,NA,NA,"tech.4","tech.1","tech.1",NA,NA,NA
8,"yes","yes","yr2011",2011,1,0,0,2,3,2,"tech.1","tech.1","tech.4",175,175,280
9,"no","no","yr2011",2011,0,0,0,NA,NA,NA,"tech.1","tech.1","tech.4",NA,NA,NA
10,"yes","no","yr2011",2011,0,0,0,49,49,35,"tech.3","tech.1","tech.4",160,215,0
11,"yes","no","yr2011",2011,0,1,0,28,46,17,"tech.2","tech.4","tech.4",55,185,305
12,"yes","no","yr2011",2011,0,0,1,40,12,23,"tech.4","tech.4","tech.2",230,325,305
13,"yes","yes","yr2011",2011,0,0,0,11,17,15,"tech.4","tech.4","tech.2",115,230,295
14,"yes","yes","yr2011",2011,0,0,0,4,1,7,"tech.3","tech.4","tech.3",165,345,160
15,"no","no","yr2011",2011,0,0,0,NA,NA,NA,"tech.2","tech.1","tech.4",NA,NA,NA
16,"no","no","yr2011",2011,0,0,0,NA,NA,NA,"tech.1","tech.3","tech.4",NA,NA,NA
17,"yes","no","yr2011",2011,0,0,0,0,0,0,"tech.1","tech.4","tech.4",255,255,125
18,"no","no","yr2011",2011,0,0,1,NA,NA,NA,"tech.4","tech.4","tech.1",NA,NA,NA
19,"yes","no","yr2011",2011,0,0,0,0,0,0,"tech.1","tech.1","tech.2",315,335,310
20,"yes","no","yr2011",2011,0,0,1,12,5,8,"tech.3","tech.2","tech.1",120,340,85
21,"yes","no","yr2011",2011,0,0,0,8,7,6,"tech.4","tech.1","tech.2",130,180,230
22,"yes","no","yr2011",2011,1,0,0,0,2,1,"tech.1","tech.3","tech.4",170,45,140
23,"no","no","yr2011",2011,0,0,0,NA,NA,NA,"tech.2","tech.2","tech.4",NA,NA,NA
24,"no","no","yr2011",2011,0,0,0,NA,NA,NA,"tech.4","tech.3","tech.3",NA,NA,NA
25,"no","no","yr2011",2011,0,0,0,NA,NA,NA,"tech.4","tech.1","tech.4",NA,NA,NA
26,"yes","no","yr2011",2011,0,0,0,8,9,5,"tech.3","tech.4","tech.1",95,280,85
27,"no","no","yr2011",2011,0,0,0,NA,NA,NA,"tech.1","tech.2","tech.1",NA,NA,NA
28,"no","no","yr2011",2011,0,0,1,NA,NA,NA,"tech.3","tech.3","tech.4",NA,NA,NA
29,"no","no","yr2011",2011,0,0,0,NA,NA,NA,"tech.2","tech.3","tech.2",NA,NA,NA
30,"yes","no","yr2011",2011,0,0,0,32,17,31,"tech.2","tech.3","tech.1",60,5,310
31,"no","no","yr2011",2011,0,0,0,NA,NA,NA,"tech.1","tech.3","tech.2",NA,NA,NA
32,"no","no","yr2011",2011,0,0,1,NA,NA,NA,"tech.2","tech.2","tech.1",NA,NA,NA
33,"no","no","yr2011",2011,1,0,0,NA,NA,NA,"tech.1","tech.1","tech.2",NA,NA,NA
34,"no","no","yr2011",2011,0,0,0,NA,NA,NA,"tech.1","tech.2","tech.1",NA,NA,NA
35,"yes","no","yr2011",2011,0,0,0,0,0,0,"tech.3","tech.2","tech.3",305,305,210
36,"no","no","yr2011",2011,0,0,0,NA,NA,NA,"tech.1","tech.2","tech.4",NA,NA,NA
37,"yes","no","yr2011",2011,0,0,0,52,60,38,"tech.2","tech.4","tech.2",190,95,330
38,"yes","no","yr2011",2011,0,0,0,0,0,0,"tech.3","tech.2","tech.3",300,295,55
39,"yes","yes","yr2011",2011,0,0,0,0,0,0,"tech.4","tech.2","tech.1",95,210,240
40,"no","no","yr2011",2011,1,0,0,NA,NA,NA,"tech.1","tech.3","tech.4",NA,NA,NA
41,"no","no","yr2011",2011,0,0,0,NA,NA,NA,"tech.3","tech.4","tech.2",NA,NA,NA
42,"no","no","yr2011",2011,0,0,0,NA,NA,NA,"tech.1","tech.2","tech.2",NA,NA,NA
43,"no","no","yr2011",2011,0,0,0,NA,NA,NA,"tech.4","tech.2","tech.4",NA,NA,NA
44,"yes","no","yr2011",2011,0,0,0,2,4,4,"tech.3","tech.1","tech.3",275,30,275
45,"yes","no","yr2011",2011,1,0,0,26,25,21,"tech.2","tech.4","tech.3",260,275,30
46,"yes","yes","yr2011",2011,1,0,0,40,25,22,"tech.2","tech.2","tech.1",160,45,295
47,"no","no","yr2011",2011,1,0,1,NA,NA,NA,"tech.1","tech.4","tech.2",NA,NA,NA
48,"no","no","yr2011",2011,0,0,0,NA,NA,NA,"tech.2","tech.4","tech.2",NA,NA,NA
49,"yes","no","yr2011",2011,0,0,0,2,2,0,"tech.1","tech.4","tech.4",310,170,55
50,"yes","no","yr2011",2011,0,0,0,8,5,7,"tech.2","tech.1","tech.4",145,25,15
51,"no","no","yr2011",2011,0,0,0,NA,NA,NA,"tech.1","tech.2","tech.2",NA,NA,NA
52,"yes","no","yr2011",2011,0,0,1,2,7,5,"tech.1","tech.4","tech.2",50,165,175
53,"no","no","yr2011",2011,0,0,0,NA,NA,NA,"tech.3","tech.3","tech.1",NA,NA,NA
54,"no","no","yr2011",2011,0,0,0,NA,NA,NA,"tech.2","tech.2","tech.2",NA,NA,NA
55,"yes","no","yr2011",2011,0,0,0,0,0,0,"tech.1","tech.4","tech.1",360,335,10
56,"yes","no","yr2011",2011,0,0,0,0,0,0,"tech.1","tech.4","tech.3",70,85,215
57,"no","no","yr2011",2011,0,0,0,NA,NA,NA,"tech.2","tech.3","tech.3",NA,NA,NA
58,"yes","yes","yr2011",2011,0,0,0,4,2,4,"tech.4","tech.4","tech.4",35,25,105
59,"no","no","yr2011",2011,0,0,0,NA,NA,NA,"tech.4","tech.3","tech.1",NA,NA,NA
60,"yes","no","yr2011",2011,0,0,0,13,12,12,"tech.2","tech.2","tech.3",205,305,275
61,"no","no","yr2011",2011,0,0,0,NA,NA,NA,"tech.1","tech.3","tech.4",NA,NA,NA
62,"yes","yes","yr2011",2011,0,0,0,2,3,0,"tech.2","tech.2","tech.4",85,215,270
63,"no","no","yr2011",2011,0,0,0,NA,NA,NA,"tech.3","tech.1","tech.4",NA,NA,NA
64,"no","no","yr2011",2011,0,0,0,NA,NA,NA,"tech.2","tech.3","tech.3",NA,NA,NA
65,"yes","no","yr2011",2011,0,0,0,0,0,0,"tech.4","tech.4","tech.4",290,5,15
66,"no","no","yr2011",2011,0,0,0,NA,NA,NA,"tech.1","tech.2","tech.4",NA,NA,NA
67,"no","no","yr2011",2011,0,0,0,NA,NA,NA,"tech.1","tech.2","tech.2",NA,NA,NA
68,"yes","yes","yr2011",2011,0,0,0,3,1,0,"tech.3","tech.2","tech.3",110,45,20
69,"yes","yes","yr2011",2011,0,0,0,1,1,2,"tech.3","tech.3","tech.3",225,205,55
70,"no","no","yr2011",2011,0,0,0,NA,NA,NA,"tech.3","tech.4","tech.3",NA,NA,NA
71,"yes","no","yr2011",2011,0,1,1,38,36,42,"tech.2","tech.1","tech.3",275,165,140
72,"no","no","yr2011",2011,0,0,0,NA,NA,NA,"tech.1","tech.1","tech.2",NA,NA,NA
73,"no","no","yr2011",2011,0,0,0,NA,NA,NA,"tech.3","tech.4","tech.3",NA,NA,NA
74,"no","no","yr2011",2011,0,0,0,NA,NA,NA,"tech.3","tech.2","tech.3",NA,NA,NA
75,"yes","yes","yr2011",2011,0,0,0,2,2,1,"tech.3","tech.1","tech.3",0,210,130
76,"yes","yes","yr2011",2011,0,0,0,47,61,30,"tech.2","tech.2","tech.2",210,160,0
77,"no","no","yr2011",2011,0,0,0,NA,NA,NA,"tech.3","tech.3","tech.4",NA,NA,NA
78,"no","no","yr2011",2011,0,0,0,NA,NA,NA,"tech.3","tech.1","tech.4",NA,NA,NA
79,"yes","no","yr2011",2011,0,0,0,12,17,9,"tech.4","tech.1","tech.2",65,140,10
80,"no","no","yr2011",2011,0,0,0,NA,NA,NA,"tech.4","tech.1","tech.4",NA,NA,NA
81,"no","no","yr2011",2011,0,0,0,NA,NA,NA,"tech.2","tech.1","tech.1",NA,NA,NA
82,"no","no","yr2011",2011,0,0,0,NA,NA,NA,"tech.4","tech.4","tech.2",NA,NA,NA
83,"yes","yes","yr2011",2011,0,0,0,6,1,1,"tech.3","tech.4","tech.4",180,355,10
84,"yes","yes","yr2011",2011,1,1,0,28,32,36,"tech.2","tech.1","tech.4",80,55,170
85,"no","no","yr2011",2011,0,0,0,NA,NA,NA,"tech.4","tech.3","tech.4",NA,NA,NA
86,"yes","yes","yr2011",2011,0,0,0,46,35,34,"tech.4","tech.2","tech.3",75,15,15
87,"no","no","yr2011",2011,0,0,0,NA,NA,NA,"tech.4","tech.3","tech.4",NA,NA,NA
88,"yes","no","yr2011",2011,0,0,0,3,0,1,"tech.4","tech.2","tech.4",205,220,265
89,"no","no","yr2011",2011,0,0,0,NA,NA,NA,"tech.3","tech.4","tech.3",NA,NA,NA
90,"no","no","yr2011",2011,0,0,1,NA,NA,NA,"tech.1","tech.4","tech.4",NA,NA,NA
91,"yes","yes","yr2011",2011,0,0,0,0,0,0,"tech.2","tech.1","tech.4",75,340,15
92,"yes","no","yr2011",2011,0,0,0,13,14,7,"tech.4","tech.4","tech.4",170,70,55
93,"yes","yes","yr2011",2011,0,0,0,24,44,35,"tech.1","tech.2","tech.3",160,65,55
94,"yes","yes","yr2011",2011,0,0,0,30,37,39,"tech.4","tech.4","tech.1",90,95,105
95,"yes","yes","yr2011",2011,0,0,0,4,0,0,"tech.1","tech.1","tech.4",65,10,190
96,"no","no","yr2011",2011,0,0,0,NA,NA,NA,"tech.1","tech.2","tech.4",NA,NA,NA
97,"yes","no","yr2011",2011,0,0,1,25,15,25,"tech.3","tech.2","tech.2",245,290,165
98,"yes","yes","yr2011",2011,0,0,0,0,2,0,"tech.4","tech.2","tech.1",330,150,355
99,"no","no","yr2011",2011,0,0,0,NA,NA,NA,"tech.1","tech.4","tech.1",NA,NA,NA
100,"yes","yes","yr2011",2011,0,0,0,3,2,2,"tech.4","tech.2","tech.1",90,290,195
1,"yes","no","yr2012",2012,0,0,0,0,1,1,"tech.3","tech.1","tech.2",0,85,95
2,"no","no","yr2012",2012,1,0,1,NA,NA,NA,"tech.3","tech.4","tech.1",NA,NA,NA
3,"no","no","yr2012",2012,0,0,0,NA,NA,NA,"tech.1","tech.3","tech.4",NA,NA,NA
4,"yes","no","yr2012",2012,0,0,0,0,2,0,"tech.4","tech.3","tech.4",0,345,40
5,"no","no","yr2012",2012,1,0,0,NA,NA,NA,"tech.3","tech.1","tech.3",NA,NA,NA
6,"yes","no","yr2012",2012,0,0,0,0,0,0,"tech.4","tech.4","tech.3",135,100,25
7,"no","no","yr2012",2012,0,0,0,NA,NA,NA,"tech.1","tech.1","tech.1",NA,NA,NA
8,"yes","yes","yr2012",2012,1,1,0,2,6,1,"tech.1","tech.1","tech.3",145,90,240
9,"no","no","yr2012",2012,0,0,0,NA,NA,NA,"tech.2","tech.4","tech.3",NA,NA,NA
10,"yes","no","yr2012",2012,0,1,0,34,26,43,"tech.3","tech.1","tech.1",200,285,230
11,"yes","no","yr2012",2012,1,0,0,36,28,20,"tech.1","tech.4","tech.4",155,135,275
12,"yes","no","yr2012",2012,1,0,1,30,46,14,"tech.1","tech.2","tech.1",335,75,325
13,"yes","yes","yr2012",2012,0,0,0,1,7,6,"tech.4","tech.3","tech.3",290,205,85
14,"yes","yes","yr2012",2012,0,0,0,5,9,14,"tech.2","tech.4","tech.4",15,135,260
15,"no","no","yr2012",2012,0,0,0,NA,NA,NA,"tech.4","tech.4","tech.4",NA,NA,NA
16,"no","no","yr2012",2012,0,0,0,NA,NA,NA,"tech.2","tech.4","tech.2",NA,NA,NA
17,"yes","no","yr2012",2012,0,0,0,2,1,3,"tech.3","tech.2","tech.1",215,65,70
18,"no","no","yr2012",2012,0,1,1,NA,NA,NA,"tech.3","tech.2","tech.1",NA,NA,NA
19,"yes","no","yr2012",2012,0,0,0,1,0,1,"tech.1","tech.3","tech.1",110,350,125
20,"yes","no","yr2012",2012,0,0,0,0,1,0,"tech.4","tech.3","tech.3",235,290,145
21,"yes","no","yr2012",2012,1,0,0,8,8,11,"tech.3","tech.3","tech.3",240,305,125
22,"yes","no","yr2012",2012,0,0,0,1,1,3,"tech.4","tech.1","tech.1",15,135,275
23,"no","no","yr2012",2012,0,0,0,NA,NA,NA,"tech.4","tech.1","tech.3",NA,NA,NA
24,"no","no","yr2012",2012,0,0,0,NA,NA,NA,"tech.1","tech.3","tech.3",NA,NA,NA
25,"no","no","yr2012",2012,1,0,1,NA,NA,NA,"tech.1","tech.3","tech.3",NA,NA,NA
26,"yes","no","yr2012",2012,0,0,0,0,1,2,"tech.3","tech.4","tech.4",245,200,45
27,"no","no","yr2012",2012,1,0,0,NA,NA,NA,"tech.2","tech.2","tech.4",NA,NA,NA
28,"no","no","yr2012",2012,1,0,0,NA,NA,NA,"tech.3","tech.4","tech.3",NA,NA,NA
29,"no","no","yr2012",2012,0,0,0,NA,NA,NA,"tech.1","tech.1","tech.3",NA,NA,NA
30,"yes","no","yr2012",2012,0,0,1,19,23,8,"tech.3","tech.3","tech.3",280,145,350
31,"no","no","yr2012",2012,0,0,0,NA,NA,NA,"tech.3","tech.2","tech.3",NA,NA,NA
32,"no","no","yr2012",2012,0,0,1,NA,NA,NA,"tech.3","tech.3","tech.1",NA,NA,NA
33,"no","no","yr2012",2012,0,0,0,NA,NA,NA,"tech.3","tech.2","tech.2",NA,NA,NA
34,"no","no","yr2012",2012,0,0,0,NA,NA,NA,"tech.2","tech.3","tech.2",NA,NA,NA
35,"yes","no","yr2012",2012,0,0,0,0,0,0,"tech.2","tech.2","tech.3",95,320,270
36,"no","no","yr2012",2012,1,0,0,NA,NA,NA,"tech.1","tech.3","tech.4",NA,NA,NA
37,"yes","no","yr2012",2012,0,0,0,0,0,0,"tech.2","tech.1","tech.2",90,230,45
38,"yes","no","yr2012",2012,0,0,0,2,0,1,"tech.1","tech.4","tech.1",40,240,295
39,"yes","yes","yr2012",2012,0,0,0,0,0,1,"tech.1","tech.2","tech.1",245,290,205
40,"no","no","yr2012",2012,0,0,0,NA,NA,NA,"tech.4","tech.3","tech.1",NA,NA,NA
41,"no","no","yr2012",2012,0,0,0,NA,NA,NA,"tech.1","tech.2","tech.2",NA,NA,NA
42,"no","no","yr2012",2012,1,1,1,NA,NA,NA,"tech.3","tech.1","tech.2",NA,NA,NA
43,"no","no","yr2012",2012,1,0,1,NA,NA,NA,"tech.2","tech.1","tech.2",NA,NA,NA
44,"yes","no","yr2012",2012,0,0,0,1,0,2,"tech.3","tech.4","tech.4",200,275,95
45,"yes","no","yr2012",2012,0,1,1,28,7,27,"tech.3","tech.2","tech.1",215,330,130
46,"yes","yes","yr2012",2012,1,0,0,25,10,12,"tech.1","tech.3","tech.3",105,15,345
47,"no","no","yr2012",2012,0,0,0,NA,NA,NA,"tech.3","tech.3","tech.4",NA,NA,NA
48,"no","no","yr2012",2012,0,0,0,NA,NA,NA,"tech.4","tech.4","tech.4",NA,NA,NA
49,"yes","no","yr2012",2012,1,0,0,5,5,6,"tech.1","tech.2","tech.4",75,40,195
50,"yes","no","yr2012",2012,0,0,0,1,1,1,"tech.3","tech.2","tech.3",185,180,70
51,"no","no","yr2012",2012,0,0,0,NA,NA,NA,"tech.1","tech.4","tech.3",NA,NA,NA
52,"yes","no","yr2012",2012,0,0,0,0,0,0,"tech.3","tech.4","tech.2",260,80,270
53,"no","no","yr2012",2012,0,0,0,NA,NA,NA,"tech.2","tech.3","tech.2",NA,NA,NA
54,"no","no","yr2012",2012,1,1,0,NA,NA,NA,"tech.1","tech.2","tech.2",NA,NA,NA
55,"yes","no","yr2012",2012,0,0,0,0,0,0,"tech.1","tech.1","tech.2",60,145,175
56,"yes","no","yr2012",2012,0,0,0,0,0,0,"tech.4","tech.1","tech.2",320,10,280
57,"no","no","yr2012",2012,0,0,0,NA,NA,NA,"tech.2","tech.1","tech.4",NA,NA,NA
58,"yes","yes","yr2012",2012,0,0,0,0,2,1,"tech.2","tech.2","tech.4",195,70,145
59,"no","no","yr2012",2012,0,0,0,NA,NA,NA,"tech.3","tech.1","tech.2",NA,NA,NA
60,"yes","no","yr2012",2012,1,0,0,8,5,8,"tech.1","tech.4","tech.4",15,295,290
61,"no","no","yr2012",2012,0,0,0,NA,NA,NA,"tech.1","tech.1","tech.1",NA,NA,NA
62,"yes","yes","yr2012",2012,0,0,0,0,0,0,"tech.3","tech.3","tech.3",165,130,260
63,"no","no","yr2012",2012,0,0,0,NA,NA,NA,"tech.1","tech.1","tech.4",NA,NA,NA
64,"no","no","yr2012",2012,0,0,0,NA,NA,NA,"tech.3","tech.4","tech.2",NA,NA,NA
65,"yes","no","yr2012",2012,0,0,0,1,0,1,"tech.4","tech.2","tech.3",240,115,275
66,"no","no","yr2012",2012,0,0,0,NA,NA,NA,"tech.3","tech.3","tech.4",NA,NA,NA
67,"no","no","yr2012",2012,0,0,0,NA,NA,NA,"tech.1","tech.4","tech.4",NA,NA,NA
68,"yes","yes","yr2012",2012,1,0,0,4,6,3,"tech.1","tech.3","tech.1",60,130,300
69,"yes","yes","yr2012",2012,0,0,0,8,5,4,"tech.4","tech.4","tech.2",95,65,240
70,"no","no","yr2012",2012,0,0,0,NA,NA,NA,"tech.2","tech.3","tech.3",NA,NA,NA
71,"yes","no","yr2012",2012,1,0,0,48,28,45,"tech.3","tech.1","tech.2",130,40,100
72,"no","no","yr2012",2012,0,1,0,NA,NA,NA,"tech.1","tech.1","tech.3",NA,NA,NA
73,"no","no","yr2012",2012,1,1,0,NA,NA,NA,"tech.2","tech.3","tech.2",NA,NA,NA
74,"no","no","yr2012",2012,0,0,0,NA,NA,NA,"tech.3","tech.1","tech.2",NA,NA,NA
75,"yes","yes","yr2012",2012,1,0,0,7,13,8,"tech.1","tech.4","tech.1",195,110,35
76,"yes","yes","yr2012",2012,0,0,1,37,23,46,"tech.4","tech.2","tech.1",210,280,145
77,"no","no","yr2012",2012,0,0,0,NA,NA,NA,"tech.4","tech.2","tech.2",NA,NA,NA
78,"no","no","yr2012",2012,0,0,0,NA,NA,NA,"tech.1","tech.2","tech.3",NA,NA,NA
79,"yes","no","yr2012",2012,0,0,1,12,7,25,"tech.3","tech.3","tech.3",280,340,180
80,"no","no","yr2012",2012,0,0,0,NA,NA,NA,"tech.1","tech.3","tech.3",NA,NA,NA
81,"no","no","yr2012",2012,0,0,0,NA,NA,NA,"tech.4","tech.3","tech.3",NA,NA,NA
82,"no","no","yr2012",2012,0,0,0,NA,NA,NA,"tech.3","tech.1","tech.3",NA,NA,NA
83,"yes","yes","yr2012",2012,0,1,0,1,0,1,"tech.4","tech.4","tech.3",255,140,80
84,"yes","yes","yr2012",2012,0,0,0,31,7,16,"tech.4","tech.1","tech.1",265,345,295
85,"no","no","yr2012",2012,0,0,0,NA,NA,NA,"tech.4","tech.4","tech.1",NA,NA,NA
86,"yes","yes","yr2012",2012,0,0,0,0,0,1,"tech.4","tech.1","tech.3",250,180,115
87,"no","no","yr2012",2012,0,0,0,NA,NA,NA,"tech.4","tech.2","tech.3",NA,NA,NA
88,"yes","no","yr2012",2012,0,0,0,4,3,1,"tech.3","tech.2","tech.1",155,100,0
89,"no","no","yr2012",2012,0,0,0,NA,NA,NA,"tech.2","tech.3","tech.4",NA,NA,NA
90,"no","no","yr2012",2012,0,0,0,NA,NA,NA,"tech.4","tech.2","tech.2",NA,NA,NA
91,"yes","yes","yr2012",2012,0,0,0,3,1,1,"tech.1","tech.1","tech.2",165,45,115
92,"yes","no","yr2012",2012,0,0,0,2,2,1,"tech.1","tech.1","tech.1",270,25,35
93,"yes","yes","yr2012",2012,0,0,1,22,46,24,"tech.3","tech.1","tech.4",285,115,325
94,"yes","yes","yr2012",2012,0,0,1,32,30,7,"tech.4","tech.3","tech.4",225,150,360
95,"yes","yes","yr2012",2012,0,0,0,2,3,3,"tech.4","tech.1","tech.2",110,95,100
96,"no","no","yr2012",2012,0,1,0,NA,NA,NA,"tech.2","tech.1","tech.3",NA,NA,NA
97,"yes","no","yr2012",2012,0,0,0,16,24,39,"tech.3","tech.1","tech.2",65,170,60
98,"yes","yes","yr2012",2012,0,0,1,5,5,5,"tech.4","tech.4","tech.1",275,95,30
99,"no","no","yr2012",2012,0,0,0,NA,NA,NA,"tech.1","tech.4","tech.2",NA,NA,NA
100,"yes","yes","yr2012",2012,0,0,0,0,0,2,"tech.4","tech.3","tech.4",135,50,315
1,"yes","no","yr2013",2013,0,0,0,1,2,4,"tech.4","tech.4","tech.1",160,70,125
2,"no","no","yr2013",2013,0,1,1,NA,NA,NA,"tech.2","tech.1","tech.3",NA,NA,NA
3,"no","no","yr2013",2013,1,0,0,NA,NA,NA,"tech.1","tech.2","tech.1",NA,NA,NA
4,"yes","no","yr2013",2013,0,0,0,0,0,1,"tech.1","tech.3","tech.4",200,270,115
5,"no","no","yr2013",2013,0,0,0,NA,NA,NA,"tech.3","tech.3","tech.3",NA,NA,NA
6,"yes","no","yr2013",2013,0,0,0,0,0,0,"tech.2","tech.2","tech.3",75,75,200
7,"no","no","yr2013",2013,0,0,0,NA,NA,NA,"tech.2","tech.4","tech.3",NA,NA,NA
8,"yes","yes","yr2013",2013,0,0,0,9,7,10,"tech.2","tech.2","tech.1",245,60,155
9,"no","no","yr2013",2013,0,0,0,NA,NA,NA,"tech.3","tech.2","tech.1",NA,NA,NA
10,"yes","no","yr2013",2013,0,0,1,40,29,51,"tech.3","tech.1","tech.1",265,325,145
11,"yes","no","yr2013",2013,1,1,0,37,22,37,"tech.1","tech.1","tech.4",260,360,40
12,"yes","no","yr2013",2013,0,1,0,19,49,56,"tech.3","tech.1","tech.1",355,15,255
13,"yes","yes","yr2013",2013,0,1,1,2,7,12,"tech.4","tech.2","tech.1",315,300,120
14,"yes","yes","yr2013",2013,0,0,0,1,2,3,"tech.3","tech.2","tech.3",30,330,115
15,"no","no","yr2013",2013,0,0,0,NA,NA,NA,"tech.1","tech.3","tech.4",NA,NA,NA
16,"no","no","yr2013",2013,0,0,0,NA,NA,NA,"tech.2","tech.2","tech.4",NA,NA,NA
17,"yes","no","yr2013",2013,0,0,0,1,1,0,"tech.2","tech.1","tech.4",175,145,360
18,"no","no","yr2013",2013,0,0,0,NA,NA,NA,"tech.4","tech.2","tech.2",NA,NA,NA
19,"yes","no","yr2013",2013,0,0,0,0,2,1,"tech.3","tech.1","tech.3",275,0,260
20,"yes","no","yr2013",2013,0,0,0,2,0,0,"tech.1","tech.1","tech.3",225,260,270
21,"yes","no","yr2013",2013,0,0,0,5,12,12,"tech.3","tech.2","tech.4",330,120,110
22,"yes","no","yr2013",2013,1,0,0,1,1,4,"tech.1","tech.1","tech.2",70,160,40
23,"no","no","yr2013",2013,0,0,0,NA,NA,NA,"tech.3","tech.1","tech.4",NA,NA,NA
24,"no","no","yr2013",2013,0,0,0,NA,NA,NA,"tech.3","tech.4","tech.4",NA,NA,NA
25,"no","no","yr2013",2013,0,0,0,NA,NA,NA,"tech.3","tech.4","tech.3",NA,NA,NA
26,"yes","no","yr2013",2013,0,0,0,2,0,1,"tech.2","tech.4","tech.3",190,200,105
27,"no","no","yr2013",2013,0,0,0,NA,NA,NA,"tech.3","tech.4","tech.3",NA,NA,NA
28,"no","no","yr2013",2013,1,1,0,NA,NA,NA,"tech.1","tech.2","tech.3",NA,NA,NA
29,"no","no","yr2013",2013,0,0,0,NA,NA,NA,"tech.3","tech.2","tech.3",NA,NA,NA
30,"yes","no","yr2013",2013,0,1,0,28,25,34,"tech.4","tech.1","tech.4",235,25,180
31,"no","no","yr2013",2013,0,0,0,NA,NA,NA,"tech.1","tech.4","tech.1",NA,NA,NA
32,"no","no","yr2013",2013,0,0,0,NA,NA,NA,"tech.4","tech.3","tech.3",NA,NA,NA
33,"no","no","yr2013",2013,0,1,0,NA,NA,NA,"tech.1","tech.3","tech.4",NA,NA,NA
34,"no","no","yr2013",2013,0,0,0,NA,NA,NA,"tech.4","tech.1","tech.4",NA,NA,NA
35,"yes","no","yr2013",2013,0,0,0,0,0,0,"tech.4","tech.2","tech.3",275,95,125
36,"no","no","yr2013",2013,0,0,0,NA,NA,NA,"tech.3","tech.3","tech.2",NA,NA,NA
37,"yes","no","yr2013",2013,0,0,0,0,0,0,"tech.2","tech.2","tech.3",10,20,335
38,"yes","no","yr2013",2013,0,0,0,0,0,0,"tech.3","tech.2","tech.2",250,255,145
39,"yes","yes","yr2013",2013,0,0,0,0,0,0,"tech.2","tech.4","tech.2",105,295,360
40,"no","no","yr2013",2013,0,0,0,NA,NA,NA,"tech.2","tech.1","tech.2",NA,NA,NA
41,"no","no","yr2013",2013,0,0,0,NA,NA,NA,"tech.2","tech.3","tech.3",NA,NA,NA
42,"no","no","yr2013",2013,0,0,0,NA,NA,NA,"tech.2","tech.3","tech.4",NA,NA,NA
43,"no","no","yr2013",2013,0,1,1,NA,NA,NA,"tech.3","tech.2","tech.2",NA,NA,NA
44,"yes","no","yr2013",2013,0,0,0,1,1,1,"tech.4","tech.4","tech.4",340,335,275
45,"yes","no","yr2013",2013,0,0,0,10,22,19,"tech.3","tech.3","tech.1",335,300,275
46,"yes","yes","yr2013",2013,1,0,0,10,16,13,"tech.1","tech.3","tech.4",360,270,335
47,"no","no","yr2013",2013,0,0,0,NA,NA,NA,"tech.3","tech.4","tech.4",NA,NA,NA
48,"no","no","yr2013",2013,0,0,0,NA,NA,NA,"tech.2","tech.3","tech.1",NA,NA,NA
49,"yes","no","yr2013",2013,0,0,0,18,15,14,"tech.1","tech.4","tech.1",215,150,195
50,"yes","no","yr2013",2013,1,1,1,4,2,1,"tech.2","tech.4","tech.1",85,295,70
51,"no","no","yr2013",2013,0,0,0,NA,NA,NA,"tech.2","tech.1","tech.4",NA,NA,NA
52,"yes","no","yr2013",2013,0,0,0,0,0,0,"tech.4","tech.2","tech.1",80,40,345
53,"no","no","yr2013",2013,0,0,0,NA,NA,NA,"tech.2","tech.2","tech.1",NA,NA,NA
54,"no","no","yr2013",2013,0,0,0,NA,NA,NA,"tech.3","tech.1","tech.2",NA,NA,NA
55,"yes","no","yr2013",2013,0,1,0,0,0,2,"tech.2","tech.1","tech.4",330,205,125
56,"yes","no","yr2013",2013,0,0,0,0,0,0,"tech.4","tech.4","tech.2",310,230,165
57,"no","no","yr2013",2013,0,0,0,NA,NA,NA,"tech.1","tech.2","tech.2",NA,NA,NA
58,"yes","yes","yr2013",2013,0,0,0,0,2,0,"tech.2","tech.1","tech.3",155,220,235
59,"no","no","yr2013",2013,0,0,0,NA,NA,NA,"tech.3","tech.3","tech.4",NA,NA,NA
60,"yes","no","yr2013",2013,0,0,0,9,8,7,"tech.4","tech.3","tech.3",235,90,280
61,"no","no","yr2013",2013,0,0,0,NA,NA,NA,"tech.2","tech.2","tech.1",NA,NA,NA
62,"yes","yes","yr2013",2013,0,0,0,1,2,1,"tech.1","tech.4","tech.3",285,215,175
63,"no","no","yr2013",2013,0,0,0,NA,NA,NA,"tech.2","tech.4","tech.4",NA,NA,NA
64,"no","no","yr2013",2013,0,0,0,NA,NA,NA,"tech.4","tech.4","tech.1",NA,NA,NA
65,"yes","no","yr2013",2013,0,0,0,2,1,2,"tech.3","tech.2","tech.3",175,65,310
66,"no","no","yr2013",2013,0,0,0,NA,NA,NA,"tech.3","tech.4","tech.2",NA,NA,NA
67,"no","no","yr2013",2013,0,0,0,NA,NA,NA,"tech.2","tech.3","tech.1",NA,NA,NA
68,"yes","yes","yr2013",2013,0,0,0,0,0,1,"tech.2","tech.2","tech.2",190,180,125
69,"yes","yes","yr2013",2013,0,0,0,17,27,8,"tech.4","tech.4","tech.4",50,160,25
70,"no","no","yr2013",2013,0,0,0,NA,NA,NA,"tech.2","tech.3","tech.3",NA,NA,NA
71,"yes","no","yr2013",2013,1,0,0,62,28,36,"tech.1","tech.2","tech.1",90,325,0
72,"no","no","yr2013",2013,0,0,0,NA,NA,NA,"tech.2","tech.3","tech.2",NA,NA,NA
73,"no","no","yr2013",2013,0,0,0,NA,NA,NA,"tech.1","tech.1","tech.1",NA,NA,NA
74,"no","no","yr2013",2013,0,0,0,NA,NA,NA,"tech.1","tech.4","tech.4",NA,NA,NA
75,"yes","yes","yr2013",2013,0,1,1,17,14,16,"tech.1","tech.3","tech.3",120,285,115
76,"yes","yes","yr2013",2013,0,0,0,2,2,1,"tech.2","tech.2","tech.1",290,210,325
77,"no","no","yr2013",2013,0,0,0,NA,NA,NA,"tech.1","tech.1","tech.2",NA,NA,NA
78,"no","no","yr2013",2013,0,0,0,NA,NA,NA,"tech.4","tech.2","tech.4",NA,NA,NA
79,"yes","no","yr2013",2013,1,1,0,35,13,24,"tech.1","tech.3","tech.4",210,355,280
80,"no","no","yr2013",2013,1,0,1,NA,NA,NA,"tech.1","tech.1","tech.1",NA,NA,NA
81,"no","no","yr2013",2013,0,0,0,NA,NA,NA,"tech.2","tech.3","tech.4",NA,NA,NA
82,"no","no","yr2013",2013,0,0,0,NA,NA,NA,"tech.1","tech.1","tech.2",NA,NA,NA
83,"yes","yes","yr2013",2013,0,0,0,0,0,0,"tech.2","tech.3","tech.1",210,220,155
84,"yes","yes","yr2013",2013,0,0,0,41,43,30,"tech.2","tech.3","tech.4",200,145,40
85,"no","no","yr2013",2013,0,0,0,NA,NA,NA,"tech.2","tech.4","tech.4",NA,NA,NA
86,"yes","yes","yr2013",2013,0,0,0,0,0,1,"tech.3","tech.1","tech.2",255,80,335
87,"no","no","yr2013",2013,0,0,0,NA,NA,NA,"tech.3","tech.1","tech.4",NA,NA,NA
88,"yes","no","yr2013",2013,0,0,0,3,10,4,"tech.4","tech.1","tech.1",340,115,90
89,"no","no","yr2013",2013,0,0,0,NA,NA,NA,"tech.3","tech.2","tech.1",NA,NA,NA
90,"no","no","yr2013",2013,0,0,0,NA,NA,NA,"tech.4","tech.1","tech.3",NA,NA,NA
91,"yes","yes","yr2013",2013,0,0,0,1,0,0,"tech.4","tech.1","tech.2",35,75,240
92,"yes","no","yr2013",2013,0,0,0,0,0,0,"tech.1","tech.2","tech.1",215,95,280
93,"yes","yes","yr2013",2013,0,0,0,41,36,58,"tech.1","tech.4","tech.3",195,15,115
94,"yes","yes","yr2013",2013,0,0,0,23,10,17,"tech.1","tech.3","tech.3",15,355,35
95,"yes","yes","yr2013",2013,0,0,0,1,3,1,"tech.2","tech.3","tech.1",90,265,15
96,"no","no","yr2013",2013,0,0,1,NA,NA,NA,"tech.1","tech.4","tech.1",NA,NA,NA
97,"yes","no","yr2013",2013,1,0,1,26,45,47,"tech.1","tech.2","tech.1",310,50,180
98,"yes","yes","yr2013",2013,0,0,1,5,8,3,"tech.2","tech.3","tech.1",325,240,360
99,"no","no","yr2013",2013,0,0,0,NA,NA,NA,"tech.3","tech.3","tech.4",NA,NA,NA
100,"yes","yes","yr2013",2013,0,0,0,3,2,3,"tech.4","tech.2","tech.4",190,60,115
1,"yes","no","yr2014",2014,0,0,0,0,1,1,"tech.4","tech.2","tech.3",315,50,310
2,"no","no","yr2014",2014,1,1,0,NA,NA,NA,"tech.1","tech.3","tech.2",NA,NA,NA
3,"no","no","yr2014",2014,0,0,0,NA,NA,NA,"tech.4","tech.4","tech.2",NA,NA,NA
4,"yes","no","yr2014",2014,0,0,0,0,1,1,"tech.3","tech.3","tech.4",210,95,165
5,"no","no","yr2014",2014,0,0,0,NA,NA,NA,"tech.1","tech.1","tech.1",NA,NA,NA
6,"yes","no","yr2014",2014,0,0,0,2,0,2,"tech.2","tech.3","tech.1",95,155,35
7,"no","no","yr2014",2014,0,0,0,NA,NA,NA,"tech.1","tech.3","tech.1",NA,NA,NA
8,"yes","yes","yr2014",2014,1,0,0,9,9,6,"tech.1","tech.2","tech.4",180,125,190
9,"no","no","yr2014",2014,0,1,0,NA,NA,NA,"tech.1","tech.2","tech.4",NA,NA,NA
10,"yes","no","yr2014",2014,1,0,0,36,45,26,"tech.3","tech.4","tech.3",300,95,305
11,"yes","no","yr2014",2014,0,0,0,16,52,31,"tech.2","tech.1","tech.2",350,205,355
12,"yes","no","yr2014",2014,0,0,0,3,5,10,"tech.3","tech.1","tech.1",110,165,75
13,"yes","yes","yr2014",2014,0,1,0,14,17,3,"tech.1","tech.1","tech.4",70,70,355
14,"yes","yes","yr2014",2014,1,0,0,9,8,2,"tech.1","tech.4","tech.3",70,270,320
15,"no","no","yr2014",2014,0,0,0,NA,NA,NA,"tech.4","tech.3","tech.2",NA,NA,NA
16,"no","no","yr2014",2014,0,0,0,NA,NA,NA,"tech.2","tech.3","tech.2",NA,NA,NA
17,"yes","no","yr2014",2014,0,0,0,0,1,0,"tech.4","tech.1","tech.4",135,260,155
18,"no","no","yr2014",2014,1,1,0,NA,NA,NA,"tech.3","tech.2","tech.1",NA,NA,NA
19,"yes","no","yr2014",2014,0,1,0,3,3,3,"tech.4","tech.3","tech.2",85,295,185
20,"yes","no","yr2014",2014,0,0,0,1,1,0,"tech.2","tech.1","tech.1",170,270,320
21,"yes","no","yr2014",2014,0,1,0,16,6,14,"tech.2","tech.3","tech.1",300,325,225
22,"yes","no","yr2014",2014,0,0,1,2,1,0,"tech.2","tech.2","tech.1",55,50,285
23,"no","no","yr2014",2014,0,0,0,NA,NA,NA,"tech.3","tech.2","tech.1",NA,NA,NA
24,"no","no","yr2014",2014,0,0,0,NA,NA,NA,"tech.4","tech.3","tech.4",NA,NA,NA
25,"no","no","yr2014",2014,0,0,0,NA,NA,NA,"tech.3","tech.3","tech.1",NA,NA,NA
26,"yes","no","yr2014",2014,0,0,0,0,3,0,"tech.1","tech.2","tech.4",360,90,230
27,"no","no","yr2014",2014,0,0,0,NA,NA,NA,"tech.4","tech.3","tech.3",NA,NA,NA
28,"no","no","yr2014",2014,1,0,1,NA,NA,NA,"tech.1","tech.4","tech.1",NA,NA,NA
29,"no","no","yr2014",2014,0,0,0,NA,NA,NA,"tech.4","tech.3","tech.1",NA,NA,NA
30,"yes","no","yr2014",2014,0,1,0,16,27,20,"tech.4","tech.1","tech.4",315,140,140
31,"no","no","yr2014",2014,0,0,1,NA,NA,NA,"tech.4","tech.3","tech.1",NA,NA,NA
32,"no","no","yr2014",2014,1,1,0,NA,NA,NA,"tech.2","tech.1","tech.4",NA,NA,NA
33,"no","no","yr2014",2014,0,0,1,NA,NA,NA,"tech.3","tech.3","tech.2",NA,NA,NA
34,"no","no","yr2014",2014,0,0,0,NA,NA,NA,"tech.2","tech.2","tech.2",NA,NA,NA
35,"yes","no","yr2014",2014,0,0,0,0,1,0,"tech.2","tech.1","tech.4",265,40,190
36,"no","no","yr2014",2014,0,0,1,NA,NA,NA,"tech.3","tech.2","tech.3",NA,NA,NA
37,"yes","no","yr2014",2014,0,0,0,0,0,0,"tech.2","tech.1","tech.3",270,195,115
38,"yes","no","yr2014",2014,0,0,0,0,0,0,"tech.1","tech.1","tech.2",315,300,325
39,"yes","yes","yr2014",2014,0,0,0,1,1,0,"tech.1","tech.3","tech.1",85,340,355
40,"no","no","yr2014",2014,1,1,1,NA,NA,NA,"tech.4","tech.1","tech.1",NA,NA,NA
41,"no","no","yr2014",2014,0,0,0,NA,NA,NA,"tech.2","tech.2","tech.3",NA,NA,NA
42,"no","no","yr2014",2014,0,1,1,NA,NA,NA,"tech.3","tech.2","tech.3",NA,NA,NA
43,"no","no","yr2014",2014,0,0,1,NA,NA,NA,"tech.4","tech.3","tech.2",NA,NA,NA
44,"yes","no","yr2014",2014,0,0,0,6,5,8,"tech.3","tech.1","tech.1",145,180,265
45,"yes","no","yr2014",2014,0,1,0,42,35,36,"tech.4","tech.1","tech.2",210,50,110
46,"yes","yes","yr2014",2014,1,0,0,17,16,12,"tech.1","tech.1","tech.3",120,0,315
47,"no","no","yr2014",2014,0,0,0,NA,NA,NA,"tech.1","tech.1","tech.2",NA,NA,NA
48,"no","no","yr2014",2014,0,0,0,NA,NA,NA,"tech.1","tech.4","tech.3",NA,NA,NA
49,"yes","no","yr2014",2014,0,0,0,11,15,10,"tech.1","tech.3","tech.4",190,80,210
50,"yes","no","yr2014",2014,1,0,0,1,1,1,"tech.2","tech.3","tech.3",0,140,340
51,"no","no","yr2014",2014,0,0,0,NA,NA,NA,"tech.4","tech.2","tech.1",NA,NA,NA
52,"yes","no","yr2014",2014,0,0,0,1,3,2,"tech.1","tech.1","tech.1",150,135,105
53,"no","no","yr2014",2014,0,1,1,NA,NA,NA,"tech.4","tech.4","tech.1",NA,NA,NA
54,"no","no","yr2014",2014,0,0,1,NA,NA,NA,"tech.4","tech.3","tech.1",NA,NA,NA
55,"yes","no","yr2014",2014,1,0,1,1,0,0,"tech.1","tech.3","tech.3",115,145,260
56,"yes","no","yr2014",2014,0,0,0,0,2,0,"tech.3","tech.2","tech.4",120,150,145
57,"no","no","yr2014",2014,0,0,0,NA,NA,NA,"tech.1","tech.4","tech.2",NA,NA,NA
58,"yes","yes","yr2014",2014,0,0,0,0,0,0,"tech.2","tech.4","tech.2",235,75,30
59,"no","no","yr2014",2014,0,0,0,NA,NA,NA,"tech.3","tech.2","tech.1",NA,NA,NA
60,"yes","no","yr2014",2014,0,1,1,3,12,13,"tech.3","tech.1","tech.3",345,70,175
61,"no","no","yr2014",2014,0,0,0,NA,NA,NA,"tech.1","tech.4","tech.2",NA,NA,NA
62,"yes","yes","yr2014",2014,0,0,1,0,0,1,"tech.3","tech.4","tech.2",5,65,170
63,"no","no","yr2014",2014,0,0,0,NA,NA,NA,"tech.1","tech.4","tech.4",NA,NA,NA
64,"no","no","yr2014",2014,0,0,0,NA,NA,NA,"tech.4","tech.1","tech.3",NA,NA,NA
65,"yes","no","yr2014",2014,1,0,1,2,3,1,"tech.2","tech.4","tech.3",155,80,40
66,"no","no","yr2014",2014,0,0,1,NA,NA,NA,"tech.3","tech.3","tech.1",NA,NA,NA
67,"no","no","yr2014",2014,0,0,0,NA,NA,NA,"tech.2","tech.2","tech.4",NA,NA,NA
68,"yes","yes","yr2014",2014,0,0,0,4,1,5,"tech.3","tech.4","tech.4",110,60,210
69,"yes","yes","yr2014",2014,0,0,0,0,0,0,"tech.3","tech.3","tech.4",205,145,175
70,"no","no","yr2014",2014,1,0,0,NA,NA,NA,"tech.2","tech.3","tech.4",NA,NA,NA
71,"yes","no","yr2014",2014,0,1,0,32,47,60,"tech.4","tech.3","tech.4",0,25,185
72,"no","no","yr2014",2014,0,0,0,NA,NA,NA,"tech.3","tech.3","tech.3",NA,NA,NA
73,"no","no","yr2014",2014,0,1,0,NA,NA,NA,"tech.3","tech.3","tech.2",NA,NA,NA
74,"no","no","yr2014",2014,0,1,0,NA,NA,NA,"tech.4","tech.2","tech.4",NA,NA,NA
75,"yes","yes","yr2014",2014,0,0,0,28,19,25,"tech.1","tech.4","tech.2",195,215,160
76,"yes","yes","yr2014",2014,0,0,0,0,0,0,"tech.3","tech.3","tech.1",260,115,140
77,"no","no","yr2014",2014,0,0,0,NA,NA,NA,"tech.1","tech.2","tech.2",NA,NA,NA
78,"no","no","yr2014",2014,0,0,0,NA,NA,NA,"tech.4","tech.4","tech.1",NA,NA,NA
79,"yes","no","yr2014",2014,0,0,0,45,40,27,"tech.3","tech.2","tech.2",225,240,265
80,"no","no","yr2014",2014,0,0,0,NA,NA,NA,"tech.3","tech.3","tech.2",NA,NA,NA
81,"no","no","yr2014",2014,0,0,0,NA,NA,NA,"tech.4","tech.2","tech.1",NA,NA,NA
82,"no","no","yr2014",2014,0,0,0,NA,NA,NA,"tech.3","tech.1","tech.1",NA,NA,NA
83,"yes","yes","yr2014",2014,0,0,0,0,0,0,"tech.4","tech.3","tech.1",300,45,170
84,"yes","yes","yr2014",2014,0,0,0,69,44,73,"tech.4","tech.4","tech.3",140,5,185
85,"no","no","yr2014",2014,0,0,0,NA,NA,NA,"tech.3","tech.1","tech.3",NA,NA,NA
86,"yes","yes","yr2014",2014,0,0,0,0,0,0,"tech.4","tech.4","tech.3",175,315,225
87,"no","no","yr2014",2014,0,1,0,NA,NA,NA,"tech.1","tech.3","tech.3",NA,NA,NA
88,"yes","no","yr2014",2014,0,0,0,0,2,1,"tech.2","tech.4","tech.3",105,145,210
89,"no","no","yr2014",2014,0,0,0,NA,NA,NA,"tech.4","tech.1","tech.3",NA,NA,NA
90,"no","no","yr2014",2014,0,0,1,NA,NA,NA,"tech.3","tech.2","tech.1",NA,NA,NA
91,"yes","yes","yr2014",2014,0,0,0,0,0,0,"tech.1","tech.1","tech.3",225,170,65
92,"yes","no","yr2014",2014,0,0,0,1,0,0,"tech.4","tech.1","tech.4",95,350,200
93,"yes","yes","yr2014",2014,0,0,0,61,48,54,"tech.1","tech.3","tech.4",100,265,85
94,"yes","yes","yr2014",2014,1,0,0,27,27,24,"tech.2","tech.4","tech.2",240,75,65
95,"yes","yes","yr2014",2014,0,0,0,0,4,1,"tech.2","tech.1","tech.3",335,165,295
96,"no","no","yr2014",2014,0,0,0,NA,NA,NA,"tech.3","tech.3","tech.2",NA,NA,NA
97,"yes","no","yr2014",2014,0,0,0,9,4,1,"tech.2","tech.1","tech.1",135,245,20
98,"yes","yes","yr2014",2014,1,1,0,9,11,9,"tech.3","tech.3","tech.4",345,140,35
99,"no","no","yr2014",2014,0,0,0,NA,NA,NA,"tech.1","tech.4","tech.4",NA,NA,NA
100,"yes","yes","yr2014",2014,1,0,0,5,1,3,"tech.3","tech.1","tech.4",195,60,325
1,"yes","no","yr2015",2015,0,0,0,0,0,0,"tech.1","tech.2","tech.1",0,135,90
2,"no","no","yr2015",2015,0,0,0,NA,NA,NA,"tech.4","tech.3","tech.4",NA,NA,NA
3,"no","no","yr2015",2015,0,0,0,NA,NA,NA,"tech.3","tech.1","tech.4",NA,NA,NA
4,"yes","no","yr2015",2015,0,0,0,0,0,0,"tech.2","tech.4","tech.4",100,75,160
5,"no","no","yr2015",2015,0,0,0,NA,NA,NA,"tech.2","tech.2","tech.1",NA,NA,NA
6,"yes","no","yr2015",2015,0,0,0,2,1,0,"tech.3","tech.2","tech.4",70,50,135
7,"no","no","yr2015",2015,0,0,0,NA,NA,NA,"tech.3","tech.4","tech.3",NA,NA,NA
8,"yes","yes","yr2015",2015,1,0,0,3,7,4,"tech.1","tech.2","tech.4",345,255,345
9,"no","no","yr2015",2015,0,0,0,NA,NA,NA,"tech.4","tech.2","tech.1",NA,NA,NA
10,"yes","no","yr2015",2015,1,0,0,24,25,39,"tech.1","tech.1","tech.1",15,285,240
11,"yes","no","yr2015",2015,1,0,1,46,51,47,"tech.1","tech.2","tech.1",220,125,170
12,"yes","no","yr2015",2015,0,0,0,16,7,13,"tech.2","tech.4","tech.3",115,25,160
13,"yes","yes","yr2015",2015,0,0,0,1,3,4,"tech.2","tech.1","tech.1",340,275,45
14,"yes","yes","yr2015",2015,1,1,1,9,7,17,"tech.2","tech.1","tech.1",305,320,120
15,"no","no","yr2015",2015,0,0,1,NA,NA,NA,"tech.1","tech.3","tech.3",NA,NA,NA
16,"no","no","yr2015",2015,0,0,0,NA,NA,NA,"tech.4","tech.1","tech.2",NA,NA,NA
17,"yes","no","yr2015",2015,0,1,1,6,2,2,"tech.1","tech.2","tech.1",80,145,175
18,"no","no","yr2015",2015,1,1,1,NA,NA,NA,"tech.1","tech.1","tech.3",NA,NA,NA
19,"yes","no","yr2015",2015,0,0,0,1,1,0,"tech.4","tech.2","tech.2",120,205,75
20,"yes","no","yr2015",2015,0,0,0,2,1,0,"tech.4","tech.4","tech.4",250,360,335
21,"yes","no","yr2015",2015,0,1,0,14,14,10,"tech.2","tech.3","tech.1",95,100,105
22,"yes","no","yr2015",2015,0,1,0,0,2,5,"tech.2","tech.2","tech.3",235,340,220
23,"no","no","yr2015",2015,0,0,0,NA,NA,NA,"tech.1","tech.2","tech.1",NA,NA,NA
24,"no","no","yr2015",2015,0,0,0,NA,NA,NA,"tech.3","tech.1","tech.2",NA,NA,NA
25,"no","no","yr2015",2015,0,0,0,NA,NA,NA,"tech.3","tech.3","tech.2",NA,NA,NA
26,"yes","no","yr2015",2015,0,0,0,0,0,1,"tech.3","tech.4","tech.2",30,80,185
27,"no","no","yr2015",2015,0,0,0,NA,NA,NA,"tech.2","tech.3","tech.1",NA,NA,NA
28,"no","no","yr2015",2015,1,0,0,NA,NA,NA,"tech.1","tech.3","tech.1",NA,NA,NA
29,"no","no","yr2015",2015,0,0,0,NA,NA,NA,"tech.3","tech.4","tech.3",NA,NA,NA
30,"yes","no","yr2015",2015,0,1,1,30,12,27,"tech.1","tech.1","tech.2",80,290,100
31,"no","no","yr2015",2015,0,0,0,NA,NA,NA,"tech.3","tech.2","tech.1",NA,NA,NA
32,"no","no","yr2015",2015,1,1,0,NA,NA,NA,"tech.1","tech.1","tech.3",NA,NA,NA
33,"no","no","yr2015",2015,0,0,1,NA,NA,NA,"tech.4","tech.1","tech.3",NA,NA,NA
34,"no","no","yr2015",2015,0,0,0,NA,NA,NA,"tech.2","tech.3","tech.1",NA,NA,NA
35,"yes","no","yr2015",2015,0,0,0,0,1,0,"tech.3","tech.3","tech.3",30,70,0
36,"no","no","yr2015",2015,0,0,0,NA,NA,NA,"tech.3","tech.4","tech.2",NA,NA,NA
37,"yes","no","yr2015",2015,0,0,0,2,3,1,"tech.1","tech.2","tech.1",45,185,230
38,"yes","no","yr2015",2015,0,0,0,2,1,2,"tech.3","tech.4","tech.3",225,105,5
39,"yes","yes","yr2015",2015,0,0,0,0,0,0,"tech.4","tech.1","tech.4",70,305,305
40,"no","no","yr2015",2015,0,0,0,NA,NA,NA,"tech.2","tech.1","tech.3",NA,NA,NA
41,"no","no","yr2015",2015,0,0,0,NA,NA,NA,"tech.4","tech.2","tech.1",NA,NA,NA
42,"no","no","yr2015",2015,0,0,1,NA,NA,NA,"tech.2","tech.4","tech.1",NA,NA,NA
43,"no","no","yr2015",2015,0,0,0,NA,NA,NA,"tech.2","tech.2","tech.2",NA,NA,NA
44,"yes","no","yr2015",2015,0,1,0,4,6,0,"tech.3","tech.2","tech.3",265,195,225
45,"yes","no","yr2015",2015,0,1,0,20,23,17,"tech.2","tech.1","tech.2",315,45,5
46,"yes","yes","yr2015",2015,0,0,0,7,20,11,"tech.1","tech.1","tech.1",310,70,315
47,"no","no","yr2015",2015,0,0,0,NA,NA,NA,"tech.2","tech.3","tech.2",NA,NA,NA
48,"no","no","yr2015",2015,0,0,0,NA,NA,NA,"tech.3","tech.2","tech.4",NA,NA,NA
49,"yes","no","yr2015",2015,0,0,0,0,0,0,"tech.2","tech.4","tech.2",130,60,315
50,"yes","no","yr2015",2015,1,0,0,4,3,2,"tech.2","tech.1","tech.4",40,285,30
51,"no","no","yr2015",2015,0,0,0,NA,NA,NA,"tech.1","tech.3","tech.4",NA,NA,NA
52,"yes","no","yr2015",2015,0,0,0,1,0,1,"tech.4","tech.4","tech.1",45,245,95
53,"no","no","yr2015",2015,0,1,0,NA,NA,NA,"tech.4","tech.4","tech.2",NA,NA,NA
54,"no","no","yr2015",2015,1,1,0,NA,NA,NA,"tech.3","tech.1","tech.4",NA,NA,NA
55,"yes","no","yr2015",2015,0,0,0,1,0,3,"tech.4","tech.3","tech.1",130,95,145
56,"yes","no","yr2015",2015,0,0,0,0,0,0,"tech.1","tech.4","tech.1",30,305,0
57,"no","no","yr2015",2015,0,0,0,NA,NA,NA,"tech.1","tech.2","tech.3",NA,NA,NA
58,"yes","yes","yr2015",2015,0,0,0,2,2,0,"tech.3","tech.2","tech.3",245,195,120
59,"no","no","yr2015",2015,0,0,0,NA,NA,NA,"tech.4","tech.2","tech.1",NA,NA,NA
60,"yes","no","yr2015",2015,1,0,0,4,2,3,"tech.1","tech.2","tech.2",360,345,335
61,"no","no","yr2015",2015,0,0,0,NA,NA,NA,"tech.1","tech.2","tech.3",NA,NA,NA
62,"yes","yes","yr2015",2015,0,0,0,1,1,0,"tech.3","tech.2","tech.4",210,245,135
63,"no","no","yr2015",2015,0,0,0,NA,NA,NA,"tech.1","tech.3","tech.1",NA,NA,NA
64,"no","no","yr2015",2015,0,0,0,NA,NA,NA,"tech.3","tech.3","tech.3",NA,NA,NA
65,"yes","no","yr2015",2015,0,0,0,0,1,0,"tech.3","tech.1","tech.3",200,230,40
66,"no","no","yr2015",2015,0,0,1,NA,NA,NA,"tech.4","tech.4","tech.3",NA,NA,NA
67,"no","no","yr2015",2015,0,0,0,NA,NA,NA,"tech.4","tech.1","tech.2",NA,NA,NA
68,"yes","yes","yr2015",2015,0,0,0,3,5,4,"tech.1","tech.1","tech.2",25,35,95
69,"yes","yes","yr2015",2015,0,0,0,0,0,0,"tech.4","tech.4","tech.3",325,175,310
70,"no","no","yr2015",2015,1,0,0,NA,NA,NA,"tech.1","tech.3","tech.3",NA,NA,NA
71,"yes","no","yr2015",2015,0,0,0,52,47,46,"tech.4","tech.3","tech.2",60,195,245
72,"no","no","yr2015",2015,0,0,0,NA,NA,NA,"tech.3","tech.4","tech.3",NA,NA,NA
73,"no","no","yr2015",2015,1,0,0,NA,NA,NA,"tech.1","tech.2","tech.3",NA,NA,NA
74,"no","no","yr2015",2015,0,0,1,NA,NA,NA,"tech.1","tech.2","tech.1",NA,NA,NA
75,"yes","yes","yr2015",2015,0,1,0,19,20,7,"tech.1","tech.3","tech.4",270,240,350
76,"yes","yes","yr2015",2015,0,0,0,0,0,0,"tech.4","tech.3","tech.2",355,315,185
77,"no","no","yr2015",2015,0,0,0,NA,NA,NA,"tech.4","tech.2","tech.1",NA,NA,NA
78,"no","no","yr2015",2015,0,0,0,NA,NA,NA,"tech.2","tech.1","tech.1",NA,NA,NA
79,"yes","no","yr2015",2015,0,1,0,49,27,58,"tech.1","tech.1","tech.4",195,305,190
80,"no","no","yr2015",2015,0,0,0,NA,NA,NA,"tech.4","tech.2","tech.3",NA,NA,NA
81,"no","no","yr2015",2015,0,0,0,NA,NA,NA,"tech.2","tech.2","tech.1",NA,NA,NA
82,"no","no","yr2015",2015,0,0,0,NA,NA,NA,"tech.4","tech.4","tech.4",NA,NA,NA
83,"yes","yes","yr2015",2015,0,0,1,0,0,0,"tech.2","tech.3","tech.2",260,35,60
84,"yes","yes","yr2015",2015,0,0,0,51,57,31,"tech.1","tech.1","tech.4",60,125,330
85,"no","no","yr2015",2015,0,0,0,NA,NA,NA,"tech.1","tech.1","tech.4",NA,NA,NA
86,"yes","yes","yr2015",2015,0,0,0,0,0,0,"tech.1","tech.2","tech.4",335,115,60
87,"no","no","yr2015",2015,0,0,1,NA,NA,NA,"tech.2","tech.4","tech.1",NA,NA,NA
88,"yes","no","yr2015",2015,0,0,0,0,0,0,"tech.2","tech.4","tech.3",0,345,65
89,"no","no","yr2015",2015,0,0,0,NA,NA,NA,"tech.2","tech.3","tech.1",NA,NA,NA
90,"no","no","yr2015",2015,0,0,0,NA,NA,NA,"tech.2","tech.2","tech.4",NA,NA,NA
91,"yes","yes","yr2015",2015,0,0,0,2,0,0,"tech.2","tech.3","tech.4",120,75,40
92,"yes","no","yr2015",2015,0,0,0,0,0,0,"tech.4","tech.4","tech.2",5,280,245
93,"yes","yes","yr2015",2015,1,1,0,44,13,25,"tech.1","tech.1","tech.1",120,360,315
94,"yes","yes","yr2015",2015,0,0,0,15,17,10,"tech.2","tech.3","tech.3",150,110,90
95,"yes","yes","yr2015",2015,0,0,0,0,1,1,"tech.2","tech.2","tech.2",285,175,200
96,"no","no","yr2015",2015,0,0,0,NA,NA,NA,"tech.1","tech.2","tech.3",NA,NA,NA
97,"yes","no","yr2015",2015,0,1,0,2,5,3,"tech.3","tech.2","tech.3",330,270,295
98,"yes","yes","yr2015",2015,0,1,0,2,12,6,"tech.4","tech.2","tech.1",295,50,300
99,"no","no","yr2015",2015,0,0,0,NA,NA,NA,"tech.3","tech.2","tech.4",NA,NA,NA
100,"yes","yes","yr2015",2015,0,0,0,1,0,0,"tech.4","tech.2","tech.1",55,95,215
1,"yes","no","yr2016",2016,0,0,0,0,0,0,"tech.2","tech.2","tech.1",210,50,140
2,"no","no","yr2016",2016,0,0,0,NA,NA,NA,"tech.2","tech.2","tech.3",NA,NA,NA
3,"no","no","yr2016",2016,0,1,0,NA,NA,NA,"tech.1","tech.1","tech.4",NA,NA,NA
4,"yes","no","yr2016",2016,0,0,0,0,0,0,"tech.1","tech.4","tech.3",45,0,200
5,"no","no","yr2016",2016,0,0,0,NA,NA,NA,"tech.3","tech.3","tech.4",NA,NA,NA
6,"yes","no","yr2016",2016,0,0,0,0,0,0,"tech.3","tech.3","tech.2",70,5,210
7,"no","no","yr2016",2016,0,0,0,NA,NA,NA,"tech.2","tech.3","tech.2",NA,NA,NA
8,"yes","yes","yr2016",2016,0,1,1,8,13,3,"tech.4","tech.3","tech.4",35,210,80
9,"no","no","yr2016",2016,0,0,0,NA,NA,NA,"tech.4","tech.4","tech.3",NA,NA,NA
10,"yes","no","yr2016",2016,1,1,0,32,24,20,"tech.1","tech.4","tech.2",25,70,35
11,"yes","no","yr2016",2016,0,0,1,49,37,39,"tech.3","tech.2","tech.4",140,275,50
12,"yes","no","yr2016",2016,1,0,1,22,15,13,"tech.1","tech.4","tech.3",195,275,175
13,"yes","yes","yr2016",2016,0,0,0,0,0,0,"tech.4","tech.1","tech.4",325,315,120
14,"yes","yes","yr2016",2016,0,0,0,8,10,5,"tech.1","tech.1","tech.2",240,115,50
15,"no","no","yr2016",2016,0,0,0,NA,NA,NA,"tech.1","tech.1","tech.1",NA,NA,NA
16,"no","no","yr2016",2016,1,0,1,NA,NA,NA,"tech.1","tech.4","tech.2",NA,NA,NA
17,"yes","no","yr2016",2016,0,0,0,5,8,6,"tech.2","tech.2","tech.1",230,225,250
18,"no","no","yr2016",2016,0,0,0,NA,NA,NA,"tech.3","tech.4","tech.4",NA,NA,NA
19,"yes","no","yr2016",2016,0,0,0,0,0,0,"tech.3","tech.2","tech.4",285,75,145
20,"yes","no","yr2016",2016,0,0,0,1,1,0,"tech.4","tech.2","tech.3",240,90,105
21,"yes","no","yr2016",2016,0,0,0,5,8,9,"tech.2","tech.2","tech.2",360,315,320
22,"yes","no","yr2016",2016,1,1,1,2,0,4,"tech.1","tech.1","tech.3",320,360,150
23,"no","no","yr2016",2016,0,0,0,NA,NA,NA,"tech.2","tech.1","tech.1",NA,NA,NA
24,"no","no","yr2016",2016,0,0,0,NA,NA,NA,"tech.2","tech.2","tech.4",NA,NA,NA
25,"no","no","yr2016",2016,0,0,0,NA,NA,NA,"tech.3","tech.2","tech.1",NA,NA,NA
26,"yes","no","yr2016",2016,0,0,0,2,0,0,"tech.1","tech.1","tech.1",270,320,5
27,"no","no","yr2016",2016,0,0,0,NA,NA,NA,"tech.1","tech.1","tech.3",NA,NA,NA
28,"no","no","yr2016",2016,0,0,0,NA,NA,NA,"tech.2","tech.3","tech.3",NA,NA,NA
29,"no","no","yr2016",2016,0,0,0,NA,NA,NA,"tech.2","tech.4","tech.4",NA,NA,NA
30,"yes","no","yr2016",2016,0,0,0,21,12,10,"tech.2","tech.3","tech.4",140,15,30
31,"no","no","yr2016",2016,0,0,0,NA,NA,NA,"tech.3","tech.2","tech.3",NA,NA,NA
32,"no","no","yr2016",2016,0,0,0,NA,NA,NA,"tech.4","tech.3","tech.2",NA,NA,NA
33,"no","no","yr2016",2016,0,0,0,NA,NA,NA,"tech.3","tech.2","tech.3",NA,NA,NA
34,"no","no","yr2016",2016,0,0,0,NA,NA,NA,"tech.4","tech.3","tech.3",NA,NA,NA
35,"yes","no","yr2016",2016,0,0,0,0,0,0,"tech.1","tech.1","tech.3",220,270,70
36,"no","no","yr2016",2016,1,0,1,NA,NA,NA,"tech.1","tech.1","tech.4",NA,NA,NA
37,"yes","no","yr2016",2016,0,0,0,1,1,1,"tech.1","tech.3","tech.2",85,300,125
38,"yes","no","yr2016",2016,0,0,0,0,0,0,"tech.2","tech.1","tech.2",310,240,70
39,"yes","yes","yr2016",2016,0,0,0,0,0,0,"tech.4","tech.3","tech.4",85,90,285
40,"no","no","yr2016",2016,0,0,0,NA,NA,NA,"tech.4","tech.1","tech.2",NA,NA,NA
41,"no","no","yr2016",2016,0,0,0,NA,NA,NA,"tech.1","tech.1","tech.2",NA,NA,NA
42,"no","no","yr2016",2016,0,0,0,NA,NA,NA,"tech.4","tech.1","tech.2",NA,NA,NA
43,"no","no","yr2016",2016,0,0,0,NA,NA,NA,"tech.2","tech.3","tech.2",NA,NA,NA
44,"yes","no","yr2016",2016,0,0,0,7,12,16,"tech.4","tech.2","tech.1",330,245,85
45,"yes","no","yr2016",2016,0,1,0,29,25,35,"tech.4","tech.1","tech.4",65,65,130
46,"yes","yes","yr2016",2016,0,1,1,23,20,22,"tech.3","tech.1","tech.2",90,245,260
47,"no","no","yr2016",2016,0,0,0,NA,NA,NA,"tech.4","tech.2","tech.4",NA,NA,NA
48,"no","no","yr2016",2016,0,0,0,NA,NA,NA,"tech.4","tech.2","tech.1",NA,NA,NA
49,"yes","no","yr2016",2016,0,0,0,1,0,0,"tech.4","tech.1","tech.2",240,180,165
50,"yes","no","yr2016",2016,0,0,0,0,1,0,"tech.4","tech.2","tech.1",285,35,140
51,"no","no","yr2016",2016,0,0,0,NA,NA,NA,"tech.1","tech.1","tech.3",NA,NA,NA
52,"yes","no","yr2016",2016,0,0,0,1,0,0,"tech.3","tech.1","tech.1",320,55,65
53,"no","no","yr2016",2016,0,0,0,NA,NA,NA,"tech.3","tech.1","tech.1",NA,NA,NA
54,"no","no","yr2016",2016,0,0,0,NA,NA,NA,"tech.2","tech.4","tech.2",NA,NA,NA
55,"yes","no","yr2016",2016,0,0,0,0,0,0,"tech.3","tech.1","tech.2",35,130,180
56,"yes","no","yr2016",2016,0,0,0,0,0,0,"tech.2","tech.4","tech.3",250,150,85
57,"no","no","yr2016",2016,0,0,0,NA,NA,NA,"tech.1","tech.2","tech.2",NA,NA,NA
58,"yes","yes","yr2016",2016,0,0,0,1,0,0,"tech.3","tech.2","tech.4",310,35,135
59,"no","no","yr2016",2016,0,0,0,NA,NA,NA,"tech.3","tech.1","tech.4",NA,NA,NA
60,"yes","no","yr2016",2016,0,1,0,9,8,9,"tech.4","tech.2","tech.4",105,170,40
61,"no","no","yr2016",2016,0,0,0,NA,NA,NA,"tech.4","tech.3","tech.1",NA,NA,NA
62,"yes","yes","yr2016",2016,0,0,0,0,0,1,"tech.2","tech.1","tech.1",40,75,230
63,"no","no","yr2016",2016,0,0,0,NA,NA,NA,"tech.1","tech.4","tech.2",NA,NA,NA
64,"no","no","yr2016",2016,0,0,0,NA,NA,NA,"tech.4","tech.1","tech.4",NA,NA,NA
65,"yes","no","yr2016",2016,0,0,0,0,0,0,"tech.4","tech.3","tech.1",180,50,300
66,"no","no","yr2016",2016,0,1,1,NA,NA,NA,"tech.1","tech.2","tech.1",NA,NA,NA
67,"no","no","yr2016",2016,0,0,0,NA,NA,NA,"tech.2","tech.3","tech.2",NA,NA,NA
68,"yes","yes","yr2016",2016,1,0,1,7,4,5,"tech.1","tech.3","tech.1",205,195,70
69,"yes","yes","yr2016",2016,0,0,0,1,0,1,"tech.4","tech.2","tech.4",95,240,310
70,"no","no","yr2016",2016,0,0,0,NA,NA,NA,"tech.3","tech.3","tech.2",NA,NA,NA
71,"yes","no","yr2016",2016,0,0,0,65,49,75,"tech.3","tech.1","tech.4",60,305,145
72,"no","no","yr2016",2016,0,0,1,NA,NA,NA,"tech.3","tech.3","tech.3",NA,NA,NA
73,"no","no","yr2016",2016,0,0,1,NA,NA,NA,"tech.4","tech.2","tech.1",NA,NA,NA
74,"no","no","yr2016",2016,0,0,0,NA,NA,NA,"tech.2","tech.3","tech.4",NA,NA,NA
75,"yes","yes","yr2016",2016,0,0,0,2,5,6,"tech.2","tech.3","tech.3",330,45,240
76,"yes","yes","yr2016",2016,0,0,0,3,2,4,"tech.1","tech.4","tech.1",210,85,175
77,"no","no","yr2016",2016,0,0,0,NA,NA,NA,"tech.1","tech.1","tech.1",NA,NA,NA
78,"no","no","yr2016",2016,0,0,0,NA,NA,NA,"tech.1","tech.2","tech.2",NA,NA,NA
79,"yes","no","yr2016",2016,0,0,0,2,0,1,"tech.4","tech.4","tech.4",320,75,185
80,"no","no","yr2016",2016,0,0,0,NA,NA,NA,"tech.1","tech.1","tech.1",NA,NA,NA
81,"no","no","yr2016",2016,0,1,1,NA,NA,NA,"tech.3","tech.1","tech.4",NA,NA,NA
82,"no","no","yr2016",2016,0,0,0,NA,NA,NA,"tech.3","tech.3","tech.3",NA,NA,NA
83,"yes","yes","yr2016",2016,0,0,0,0,0,0,"tech.4","tech.4","tech.1",355,220,120
84,"yes","yes","yr2016",2016,1,0,0,39,50,84,"tech.1","tech.4","tech.3",315,10,170
85,"no","no","yr2016",2016,0,0,0,NA,NA,NA,"tech.1","tech.3","tech.3",NA,NA,NA
86,"yes","yes","yr2016",2016,0,0,0,0,0,0,"tech.3","tech.2","tech.4",115,305,320
87,"no","no","yr2016",2016,1,1,1,NA,NA,NA,"tech.1","tech.2","tech.1",NA,NA,NA
88,"yes","no","yr2016",2016,0,0,0,0,0,0,"tech.1","tech.4","tech.2",100,220,150
89,"no","no","yr2016",2016,0,0,0,NA,NA,NA,"tech.4","tech.3","tech.3",NA,NA,NA
90,"no","no","yr2016",2016,0,0,1,NA,NA,NA,"tech.3","tech.3","tech.2",NA,NA,NA
91,"yes","yes","yr2016",2016,0,0,0,0,0,0,"tech.1","tech.2","tech.4",100,330,50
92,"yes","no","yr2016",2016,0,0,0,0,0,0,"tech.1","tech.2","tech.4",295,90,245
93,"yes","yes","yr2016",2016,1,1,1,43,36,35,"tech.4","tech.1","tech.2",165,65,290
94,"yes","yes","yr2016",2016,0,0,0,20,17,15,"tech.3","tech.1","tech.2",165,55,205
95,"yes","yes","yr2016",2016,1,1,0,3,2,3,"tech.1","tech.2","tech.4",225,225,165
96,"no","no","yr2016",2016,0,1,0,NA,NA,NA,"tech.2","tech.3","tech.4",NA,NA,NA
97,"yes","no","yr2016",2016,0,0,0,5,4,5,"tech.1","tech.4","tech.4",185,230,10
98,"yes","yes","yr2016",2016,1,1,0,12,16,8,"tech.1","tech.1","tech.1",5,155,30
99,"no","no","yr2016",2016,0,0,0,NA,NA,NA,"tech.2","tech.2","tech.3",NA,NA,NA
100,"yes","yes","yr2016",2016,0,0,0,1,3,2,"tech.2","tech.3","tech.4",205,5,290
1,"yes","no","yr2017",2017,0,0,0,0,0,0,"tech.2","tech.2","tech.1",355,235,5
2,"no","no","yr2017",2017,0,0,0,NA,NA,NA,"tech.4","tech.3","tech.3",NA,NA,NA
3,"no","no","yr2017",2017,1,0,0,NA,NA,NA,"tech.2","tech.2","tech.4",NA,NA,NA
4,"yes","no","yr2017",2017,0,0,0,0,0,0,"tech.1","tech.3","tech.4",85,200,95
5,"no","no","yr2017",2017,0,0,0,NA,NA,NA,"tech.2","tech.2","tech.1",NA,NA,NA
6,"yes","no","yr2017",2017,0,0,0,0,0,0,"tech.3","tech.3","tech.4",0,15,225
7,"no","no","yr2017",2017,0,0,0,NA,NA,NA,"tech.3","tech.4","tech.2",NA,NA,NA
8,"yes","yes","yr2017",2017,0,1,1,18,5,8,"tech.3","tech.2","tech.2",125,40,210
9,"no","no","yr2017",2017,0,0,0,NA,NA,NA,"tech.4","tech.1","tech.2",NA,NA,NA
10,"yes","no","yr2017",2017,1,0,0,36,47,30,"tech.2","tech.4","tech.2",210,195,315
11,"yes","no","yr2017",2017,0,0,1,37,64,46,"tech.4","tech.1","tech.3",40,130,40
12,"yes","no","yr2017",2017,1,0,1,32,21,17,"tech.2","tech.4","tech.1",250,305,300
13,"yes","yes","yr2017",2017,0,0,0,0,0,0,"tech.1","tech.2","tech.4",105,15,340
14,"yes","yes","yr2017",2017,0,0,0,10,15,16,"tech.3","tech.3","tech.2",15,90,165
15,"no","no","yr2017",2017,0,0,0,NA,NA,NA,"tech.4","tech.3","tech.3",NA,NA,NA
16,"no","no","yr2017",2017,0,0,0,NA,NA,NA,"tech.4","tech.2","tech.3",NA,NA,NA
17,"yes","no","yr2017",2017,0,0,0,0,1,0,"tech.4","tech.4","tech.2",320,350,175
18,"no","no","yr2017",2017,0,0,0,NA,NA,NA,"tech.2","tech.3","tech.3",NA,NA,NA
19,"yes","no","yr2017",2017,0,0,0,0,0,0,"tech.4","tech.3","tech.3",135,135,115
20,"yes","no","yr2017",2017,0,0,0,1,0,0,"tech.1","tech.1","tech.3",240,180,285
21,"yes","no","yr2017",2017,0,0,0,0,0,0,"tech.4","tech.2","tech.3",235,300,155
22,"yes","no","yr2017",2017,0,0,0,3,5,9,"tech.4","tech.4","tech.4",320,45,155
23,"no","no","yr2017",2017,1,0,0,NA,NA,NA,"tech.1","tech.4","tech.4",NA,NA,NA
24,"no","no","yr2017",2017,0,0,0,NA,NA,NA,"tech.1","tech.2","tech.2",NA,NA,NA
25,"no","no","yr2017",2017,0,0,0,NA,NA,NA,"tech.4","tech.1","tech.4",NA,NA,NA
26,"yes","no","yr2017",2017,0,0,0,0,0,0,"tech.4","tech.3","tech.2",175,335,255
27,"no","no","yr2017",2017,0,0,0,NA,NA,NA,"tech.1","tech.3","tech.4",NA,NA,NA
28,"no","no","yr2017",2017,0,0,0,NA,NA,NA,"tech.2","tech.2","tech.2",NA,NA,NA
29,"no","no","yr2017",2017,0,0,0,NA,NA,NA,"tech.2","tech.2","tech.3",NA,NA,NA
30,"yes","no","yr2017",2017,0,0,0,15,16,16,"tech.4","tech.1","tech.2",45,255,125
31,"no","no","yr2017",2017,0,0,0,NA,NA,NA,"tech.3","tech.4","tech.3",NA,NA,NA
32,"no","no","yr2017",2017,0,1,1,NA,NA,NA,"tech.3","tech.1","tech.3",NA,NA,NA
33,"no","no","yr2017",2017,0,0,0,NA,NA,NA,"tech.3","tech.3","tech.3",NA,NA,NA
34,"no","no","yr2017",2017,0,0,0,NA,NA,NA,"tech.3","tech.4","tech.1",NA,NA,NA
35,"yes","no","yr2017",2017,0,0,0,0,0,0,"tech.4","tech.1","tech.1",360,260,50
36,"no","no","yr2017",2017,0,1,1,NA,NA,NA,"tech.3","tech.1","tech.3",NA,NA,NA
37,"yes","no","yr2017",2017,0,0,0,0,1,0,"tech.3","tech.4","tech.1",130,255,220
38,"yes","no","yr2017",2017,0,0,0,0,0,0,"tech.1","tech.4","tech.3",5,285,135
39,"yes","yes","yr2017",2017,0,0,0,0,0,0,"tech.3","tech.3","tech.2",325,270,265
40,"no","no","yr2017",2017,0,0,0,NA,NA,NA,"tech.2","tech.2","tech.4",NA,NA,NA
41,"no","no","yr2017",2017,0,0,0,NA,NA,NA,"tech.3","tech.1","tech.4",NA,NA,NA
42,"no","no","yr2017",2017,0,1,0,NA,NA,NA,"tech.3","tech.2","tech.3",NA,NA,NA
43,"no","no","yr2017",2017,0,1,0,NA,NA,NA,"tech.3","tech.1","tech.2",NA,NA,NA
44,"yes","no","yr2017",2017,0,0,0,6,7,4,"tech.2","tech.3","tech.4",180,80,325
45,"yes","no","yr2017",2017,0,1,0,20,30,26,"tech.1","tech.2","tech.2",285,205,205
46,"yes","yes","yr2017",2017,0,0,0,17,9,9,"tech.4","tech.4","tech.3",180,315,300
47,"no","no","yr2017",2017,0,0,0,NA,NA,NA,"tech.4","tech.3","tech.1",NA,NA,NA
48,"no","no","yr2017",2017,0,0,0,NA,NA,NA,"tech.4","tech.3","tech.4",NA,NA,NA
49,"yes","no","yr2017",2017,0,0,0,3,1,0,"tech.3","tech.3","tech.4",100,265,20
50,"yes","no","yr2017",2017,0,0,0,0,1,0,"tech.1","tech.1","tech.4",205,35,310
51,"no","no","yr2017",2017,0,0,0,NA,NA,NA,"tech.1","tech.2","tech.3",NA,NA,NA
52,"yes","no","yr2017",2017,0,0,0,0,0,0,"tech.1","tech.3","tech.3",115,115,155
53,"no","no","yr2017",2017,1,0,0,NA,NA,NA,"tech.1","tech.4","tech.2",NA,NA,NA
54,"no","no","yr2017",2017,0,0,0,NA,NA,NA,"tech.3","tech.3","tech.3",NA,NA,NA
55,"yes","no","yr2017",2017,0,0,0,0,0,0,"tech.3","tech.4","tech.4",260,125,275
56,"yes","no","yr2017",2017,0,0,0,0,0,0,"tech.3","tech.4","tech.4",160,355,175
57,"no","no","yr2017",2017,0,0,0,NA,NA,NA,"tech.2","tech.4","tech.4",NA,NA,NA
58,"yes","yes","yr2017",2017,0,0,0,0,0,0,"tech.3","tech.2","tech.1",150,230,160
59,"no","no","yr2017",2017,0,0,0,NA,NA,NA,"tech.2","tech.4","tech.2",NA,NA,NA
60,"yes","no","yr2017",2017,1,0,0,17,12,13,"tech.1","tech.3","tech.3",265,320,150
61,"no","no","yr2017",2017,0,0,0,NA,NA,NA,"tech.1","tech.2","tech.1",NA,NA,NA
62,"yes","yes","yr2017",2017,0,0,0,1,0,0,"tech.1","tech.4","tech.4",35,55,25
63,"no","no","yr2017",2017,0,0,0,NA,NA,NA,"tech.1","tech.1","tech.4",NA,NA,NA
64,"no","no","yr2017",2017,0,0,0,NA,NA,NA,"tech.2","tech.2","tech.4",NA,NA,NA
65,"yes","no","yr2017",2017,0,0,0,0,0,0,"tech.2","tech.4","tech.4",235,25,150
66,"no","no","yr2017",2017,0,1,0,NA,NA,NA,"tech.2","tech.1","tech.1",NA,NA,NA
67,"no","no","yr2017",2017,0,0,0,NA,NA,NA,"tech.2","tech.4","tech.4",NA,NA,NA
68,"yes","yes","yr2017",2017,0,0,0,2,0,1,"tech.2","tech.4","tech.1",50,160,180
69,"yes","yes","yr2017",2017,0,0,0,0,1,0,"tech.1","tech.1","tech.2",90,250,10
70,"no","no","yr2017",2017,0,0,0,NA,NA,NA,"tech.3","tech.2","tech.3",NA,NA,NA
71,"yes","no","yr2017",2017,0,0,1,117,100,74,"tech.2","tech.4","tech.1",190,230,230
72,"no","no","yr2017",2017,0,0,0,NA,NA,NA,"tech.1","tech.3","tech.2",NA,NA,NA
73,"no","no","yr2017",2017,0,0,0,NA,NA,NA,"tech.2","tech.4","tech.3",NA,NA,NA
74,"no","no","yr2017",2017,0,0,0,NA,NA,NA,"tech.2","tech.2","tech.4",NA,NA,NA
75,"yes","yes","yr2017",2017,0,0,0,0,1,6,"tech.4","tech.2","tech.1",250,355,300
76,"yes","yes","yr2017",2017,0,0,0,0,3,0,"tech.2","tech.4","tech.3",310,180,100
77,"no","no","yr2017",2017,0,0,0,NA,NA,NA,"tech.1","tech.4","tech.3",NA,NA,NA
78,"no","no","yr2017",2017,0,0,0,NA,NA,NA,"tech.2","tech.3","tech.4",NA,NA,NA
79,"yes","no","yr2017",2017,0,0,0,10,6,4,"tech.3","tech.2","tech.4",185,65,325
80,"no","no","yr2017",2017,0,0,0,NA,NA,NA,"tech.2","tech.3","tech.3",NA,NA,NA
81,"no","no","yr2017",2017,1,0,0,NA,NA,NA,"tech.3","tech.2","tech.2",NA,NA,NA
82,"no","no","yr2017",2017,0,0,0,NA,NA,NA,"tech.3","tech.3","tech.3",NA,NA,NA
83,"yes","yes","yr2017",2017,0,0,0,0,0,0,"tech.2","tech.2","tech.3",335,315,115
84,"yes","yes","yr2017",2017,0,1,0,74,105,41,"tech.3","tech.2","tech.2",305,245,355
85,"no","no","yr2017",2017,0,0,0,NA,NA,NA,"tech.4","tech.4","tech.2",NA,NA,NA
86,"yes","yes","yr2017",2017,0,0,0,0,0,0,"tech.4","tech.2","tech.4",15,295,355
87,"no","no","yr2017",2017,1,0,0,NA,NA,NA,"tech.4","tech.1","tech.2",NA,NA,NA
88,"yes","no","yr2017",2017,0,1,1,1,1,3,"tech.3","tech.1","tech.1",15,325,335
89,"no","no","yr2017",2017,0,0,0,NA,NA,NA,"tech.4","tech.2","tech.3",NA,NA,NA
90,"no","no","yr2017",2017,0,0,0,NA,NA,NA,"tech.3","tech.2","tech.1",NA,NA,NA
91,"yes","yes","yr2017",2017,0,0,0,0,0,0,"tech.2","tech.3","tech.1",200,205,55
92,"yes","no","yr2017",2017,0,1,0,0,2,0,"tech.2","tech.3","tech.4",55,110,135
93,"yes","yes","yr2017",2017,0,0,0,49,36,44,"tech.2","tech.4","tech.4",130,250,15
94,"yes","yes","yr2017",2017,0,0,0,20,25,19,"tech.3","tech.2","tech.4",205,250,255
95,"yes","yes","yr2017",2017,0,0,0,0,0,1,"tech.2","tech.3","tech.2",30,295,295
96,"no","no","yr2017",2017,0,0,0,NA,NA,NA,"tech.2","tech.2","tech.3",NA,NA,NA
97,"yes","no","yr2017",2017,0,0,0,6,4,3,"tech.1","tech.1","tech.1",300,250,350
98,"yes","yes","yr2017",2017,0,0,0,1,4,2,"tech.2","tech.3","tech.1",340,245,275
99,"no","no","yr2017",2017,0,0,0,NA,NA,NA,"tech.1","tech.1","tech.3",NA,NA,NA
100,"yes","yes","yr2017",2017,0,0,0,0,0,0,"tech.2","tech.4","tech.2",235,40,330
1,"yes","no","yr2018",2018,0,0,0,0,0,0,"tech.2","tech.4","tech.1",215,95,140
2,"no","no","yr2018",2018,1,0,1,NA,NA,NA,"tech.2","tech.3","tech.1",NA,NA,NA
3,"no","no","yr2018",2018,0,0,0,NA,NA,NA,"tech.4","tech.1","tech.1",NA,NA,NA
4,"yes","no","yr2018",2018,0,0,0,0,0,0,"tech.4","tech.3","tech.2",45,55,245
5,"no","no","yr2018",2018,0,0,0,NA,NA,NA,"tech.1","tech.3","tech.1",NA,NA,NA
6,"yes","no","yr2018",2018,0,0,0,1,0,2,"tech.3","tech.4","tech.4",10,300,75
7,"no","no","yr2018",2018,0,0,0,NA,NA,NA,"tech.1","tech.1","tech.4",NA,NA,NA
8,"yes","yes","yr2018",2018,1,0,0,6,8,10,"tech.1","tech.4","tech.4",285,65,325
9,"no","no","yr2018",2018,0,0,0,NA,NA,NA,"tech.3","tech.4","tech.2",NA,NA,NA
10,"yes","no","yr2018",2018,0,0,0,12,44,21,"tech.4","tech.4","tech.3",355,205,45
11,"yes","no","yr2018",2018,0,0,0,46,41,24,"tech.1","tech.2","tech.4",115,205,15
12,"yes","no","yr2018",2018,0,0,0,30,28,26,"tech.3","tech.3","tech.3",270,255,50
13,"yes","yes","yr2018",2018,0,0,0,0,0,0,"tech.1","tech.3","tech.4",315,155,285
14,"yes","yes","yr2018",2018,1,1,0,18,8,9,"tech.1","tech.2","tech.2",265,355,315
15,"no","no","yr2018",2018,0,0,0,NA,NA,NA,"tech.4","tech.3","tech.4",NA,NA,NA
16,"no","no","yr2018",2018,0,0,0,NA,NA,NA,"tech.2","tech.3","tech.2",NA,NA,NA
17,"yes","no","yr2018",2018,0,0,0,4,1,1,"tech.1","tech.3","tech.1",150,280,15
18,"no","no","yr2018",2018,0,1,0,NA,NA,NA,"tech.4","tech.4","tech.3",NA,NA,NA
19,"yes","no","yr2018",2018,0,1,0,0,1,0,"tech.1","tech.2","tech.1",35,155,50
20,"yes","no","yr2018",2018,0,0,0,0,0,0,"tech.4","tech.4","tech.3",30,345,220
21,"yes","no","yr2018",2018,0,0,0,1,1,0,"tech.2","tech.4","tech.1",145,230,220
22,"yes","no","yr2018",2018,0,0,0,0,2,1,"tech.2","tech.3","tech.4",55,80,255
23,"no","no","yr2018",2018,0,0,0,NA,NA,NA,"tech.1","tech.1","tech.2",NA,NA,NA
24,"no","no","yr2018",2018,0,0,0,NA,NA,NA,"tech.2","tech.4","tech.1",NA,NA,NA
25,"no","no","yr2018",2018,0,0,1,NA,NA,NA,"tech.2","tech.1","tech.4",NA,NA,NA
26,"yes","no","yr2018",2018,0,0,0,0,0,1,"tech.1","tech.4","tech.4",330,185,310
27,"no","no","yr2018",2018,0,0,0,NA,NA,NA,"tech.1","tech.1","tech.1",NA,NA,NA
28,"no","no","yr2018",2018,0,0,0,NA,NA,NA,"tech.3","tech.4","tech.1",NA,NA,NA
29,"no","no","yr2018",2018,0,0,0,NA,NA,NA,"tech.4","tech.4","tech.2",NA,NA,NA
30,"yes","no","yr2018",2018,0,0,1,8,9,10,"tech.1","tech.1","tech.3",315,160,275
31,"no","no","yr2018",2018,0,0,0,NA,NA,NA,"tech.3","tech.2","tech.3",NA,NA,NA
32,"no","no","yr2018",2018,0,0,0,NA,NA,NA,"tech.1","tech.4","tech.4",NA,NA,NA
33,"no","no","yr2018",2018,1,1,0,NA,NA,NA,"tech.4","tech.2","tech.1",NA,NA,NA
34,"no","no","yr2018",2018,0,0,0,NA,NA,NA,"tech.2","tech.1","tech.2",NA,NA,NA
35,"yes","no","yr2018",2018,0,0,0,3,0,0,"tech.1","tech.4","tech.4",205,105,310
36,"no","no","yr2018",2018,1,1,0,NA,NA,NA,"tech.2","tech.1","tech.4",NA,NA,NA
37,"yes","no","yr2018",2018,0,0,0,0,0,0,"tech.2","tech.2","tech.2",35,300,220
38,"yes","no","yr2018",2018,0,0,0,0,0,0,"tech.1","tech.2","tech.1",165,175,155
39,"yes","yes","yr2018",2018,0,0,0,1,0,0,"tech.4","tech.1","tech.4",60,25,175
40,"no","no","yr2018",2018,0,0,0,NA,NA,NA,"tech.3","tech.4","tech.3",NA,NA,NA
41,"no","no","yr2018",2018,0,0,0,NA,NA,NA,"tech.4","tech.1","tech.1",NA,NA,NA
42,"no","no","yr2018",2018,0,0,0,NA,NA,NA,"tech.3","tech.4","tech.4",NA,NA,NA
43,"no","no","yr2018",2018,0,0,0,NA,NA,NA,"tech.1","tech.1","tech.3",NA,NA,NA
44,"yes","no","yr2018",2018,1,1,0,5,3,4,"tech.2","tech.3","tech.3",235,345,290
45,"yes","no","yr2018",2018,0,1,0,10,9,15,"tech.4","tech.1","tech.4",10,295,75
46,"yes","yes","yr2018",2018,1,0,1,21,18,9,"tech.1","tech.4","tech.1",185,180,340
47,"no","no","yr2018",2018,0,1,0,NA,NA,NA,"tech.1","tech.4","tech.4",NA,NA,NA
48,"no","no","yr2018",2018,0,0,0,NA,NA,NA,"tech.3","tech.1","tech.1",NA,NA,NA
49,"yes","no","yr2018",2018,0,0,1,0,5,1,"tech.3","tech.4","tech.1",345,45,320
50,"yes","no","yr2018",2018,0,0,0,0,0,0,"tech.1","tech.3","tech.4",330,345,175
51,"no","no","yr2018",2018,0,0,0,NA,NA,NA,"tech.2","tech.1","tech.4",NA,NA,NA
52,"yes","no","yr2018",2018,1,0,1,0,0,0,"tech.1","tech.4","tech.1",360,235,30
53,"no","no","yr2018",2018,0,0,0,NA,NA,NA,"tech.4","tech.1","tech.1",NA,NA,NA
54,"no","no","yr2018",2018,0,0,0,NA,NA,NA,"tech.2","tech.4","tech.4",NA,NA,NA
55,"yes","no","yr2018",2018,0,0,0,0,0,0,"tech.2","tech.2","tech.2",170,310,190
56,"yes","no","yr2018",2018,0,0,0,0,0,0,"tech.1","tech.3","tech.2",335,280,320
57,"no","no","yr2018",2018,0,0,0,NA,NA,NA,"tech.1","tech.2","tech.4",NA,NA,NA
58,"yes","yes","yr2018",2018,0,0,0,1,0,0,"tech.2","tech.1","tech.2",20,230,270
59,"no","no","yr2018",2018,0,0,0,NA,NA,NA,"tech.1","tech.3","tech.4",NA,NA,NA
60,"yes","no","yr2018",2018,0,0,0,13,10,9,"tech.4","tech.1","tech.4",185,290,190
61,"no","no","yr2018",2018,0,0,0,NA,NA,NA,"tech.1","tech.1","tech.4",NA,NA,NA
62,"yes","yes","yr2018",2018,0,0,0,0,0,0,"tech.3","tech.2","tech.1",135,120,310
63,"no","no","yr2018",2018,0,0,0,NA,NA,NA,"tech.3","tech.1","tech.3",NA,NA,NA
64,"no","no","yr2018",2018,0,0,0,NA,NA,NA,"tech.4","tech.1","tech.4",NA,NA,NA
65,"yes","no","yr2018",2018,0,0,0,0,0,0,"tech.1","tech.1","tech.1",105,10,270
66,"no","no","yr2018",2018,0,0,0,NA,NA,NA,"tech.4","tech.4","tech.4",NA,NA,NA
67,"no","no","yr2018",2018,0,0,0,NA,NA,NA,"tech.3","tech.4","tech.2",NA,NA,NA
68,"yes","yes","yr2018",2018,0,0,0,0,1,0,"tech.1","tech.3","tech.3",165,170,155
69,"yes","yes","yr2018",2018,1,0,0,0,0,0,"tech.1","tech.3","tech.4",355,140,295
70,"no","no","yr2018",2018,0,0,0,NA,NA,NA,"tech.4","tech.2","tech.3",NA,NA,NA
71,"yes","no","yr2018",2018,1,0,0,81,37,67,"tech.3","tech.3","tech.3",120,15,65
72,"no","no","yr2018",2018,0,0,0,NA,NA,NA,"tech.1","tech.4","tech.1",NA,NA,NA
73,"no","no","yr2018",2018,0,0,0,NA,NA,NA,"tech.2","tech.4","tech.2",NA,NA,NA
74,"no","no","yr2018",2018,0,0,1,NA,NA,NA,"tech.1","tech.2","tech.3",NA,NA,NA
75,"yes","yes","yr2018",2018,0,1,0,10,3,8,"tech.2","tech.2","tech.1",140,130,125
76,"yes","yes","yr2018",2018,0,0,0,0,0,0,"tech.3","tech.1","tech.4",120,190,35
77,"no","no","yr2018",2018,0,0,0,NA,NA,NA,"tech.1","tech.1","tech.3",NA,NA,NA
78,"no","no","yr2018",2018,1,0,0,NA,NA,NA,"tech.1","tech.2","tech.2",NA,NA,NA
79,"yes","no","yr2018",2018,0,0,0,2,3,5,"tech.4","tech.2","tech.2",125,40,335
80,"no","no","yr2018",2018,0,0,0,NA,NA,NA,"tech.3","tech.1","tech.3",NA,NA,NA
81,"no","no","yr2018",2018,0,1,1,NA,NA,NA,"tech.3","tech.1","tech.1",NA,NA,NA
82,"no","no","yr2018",2018,0,0,0,NA,NA,NA,"tech.3","tech.3","tech.3",NA,NA,NA
83,"yes","yes","yr2018",2018,0,0,0,2,0,0,"tech.4","tech.3","tech.1",165,85,185
84,"yes","yes","yr2018",2018,1,1,0,82,85,59,"tech.3","tech.2","tech.2",185,225,65
85,"no","no","yr2018",2018,0,1,1,NA,NA,NA,"tech.2","tech.2","tech.2",NA,NA,NA
86,"yes","yes","yr2018",2018,0,0,0,0,2,0,"tech.2","tech.1","tech.4",270,325,270
87,"no","no","yr2018",2018,0,0,0,NA,NA,NA,"tech.2","tech.3","tech.4",NA,NA,NA
88,"yes","no","yr2018",2018,0,0,0,1,3,1,"tech.3","tech.3","tech.2",105,150,360
89,"no","no","yr2018",2018,0,0,0,NA,NA,NA,"tech.3","tech.4","tech.2",NA,NA,NA
90,"no","no","yr2018",2018,0,0,0,NA,NA,NA,"tech.4","tech.4","tech.2",NA,NA,NA
91,"yes","yes","yr2018",2018,0,0,0,0,1,0,"tech.2","tech.3","tech.4",205,190,190
92,"yes","no","yr2018",2018,0,0,0,1,0,1,"tech.1","tech.1","tech.3",140,260,30
93,"yes","yes","yr2018",2018,0,0,1,19,47,39,"tech.2","tech.2","tech.1",345,80,255
94,"yes","yes","yr2018",2018,0,1,1,16,16,14,"tech.2","tech.1","tech.3",290,70,30
95,"yes","yes","yr2018",2018,0,0,0,0,1,1,"tech.2","tech.1","tech.2",100,45,305
96,"no","no","yr2018",2018,0,0,0,NA,NA,NA,"tech.2","tech.4","tech.4",NA,NA,NA
97,"yes","no","yr2018",2018,0,0,0,2,1,2,"tech.3","tech.1","tech.1",110,105,115
98,"yes","yes","yr2018",2018,0,0,0,0,0,0,"tech.4","tech.3","tech.2",225,80,240
99,"no","no","yr2018",2018,0,0,0,NA,NA,NA,"tech.1","tech.3","tech.3",NA,NA,NA
100,"yes","yes","yr2018",2018,0,0,0,1,0,0,"tech.2","tech.3","tech.1",325,330,220
