"o.sites","year","cheatgrass","sagebrush","Feb.minT","AprMay.maxT","pres.j1","pres.j2","pres.j3","observer.j1","observer.j2","observer.j3"
1,2007,4.2,1.5,-11.1,32.2,1,0,0,"tech.2","tech.4","tech.1"
2,2007,10.4,1.2,-11.1,32.2,1,0,0,"tech.1","tech.4","tech.1"
3,2007,11.5,19,-11.1,32.2,1,0,1,"tech.3","tech.3","tech.2"
4,2007,12,7.3,-11.1,32.2,0,0,0,"tech.3","tech.2","tech.3"
5,2007,9.1,1.1,-11.1,32.2,1,0,0,"tech.2","tech.4","tech.4"
6,2007,26.6,4.5,-11.1,32.2,0,0,0,"tech.1","tech.4","tech.2"
7,2007,10.3,0,-11.1,32.2,0,0,0,"tech.3","tech.4","tech.2"
8,2007,9.9,3.5,-11.1,32.2,0,0,1,"tech.2","tech.3","tech.1"
9,2007,8.7,0.3,-11.1,32.2,0,0,0,"tech.2","tech.4","tech.1"
10,2007,3.3,2.4,-11.1,32.2,0,0,0,"tech.1","tech.1","tech.3"
11,2007,2.9,2.9,-11.1,32.2,1,0,1,"tech.3","tech.4","tech.2"
12,2007,13.7,12.9,-11.1,32.2,1,0,0,"tech.2","tech.3","tech.2"
13,2007,11.5,12,-11.1,32.2,1,1,1,"tech.1","tech.3","tech.3"
14,2007,11.5,13.5,-11.1,32.2,0,0,0,"tech.2","tech.3","tech.3"
15,2007,8.8,1.3,-11.1,32.2,0,0,0,"tech.3","tech.4","tech.4"
16,2007,3,0.6,-11.1,32.2,1,0,0,"tech.4","tech.4","tech.4"
17,2007,10.3,4.2,-11.1,32.2,0,1,0,"tech.3","tech.1","tech.3"
18,2007,0.1,0,-11.1,32.2,0,0,0,"tech.4","tech.1","tech.4"
19,2007,10.6,3.5,-11.1,32.2,0,1,0,"tech.2","tech.2","tech.1"
20,2007,7.3,0.3,-11.1,32.2,0,0,0,"tech.3","tech.3","tech.2"
21,2007,10.3,3.3,-11.1,32.2,1,0,1,"tech.1","tech.4","tech.1"
22,2007,12.9,0.6,-11.1,32.2,0,0,0,"tech.1","tech.2","tech.3"
23,2007,13.3,3.7,-11.1,32.2,0,0,1,"tech.4","tech.3","tech.2"
24,2007,16.2,0.9,-11.1,32.2,0,0,0,"tech.3","tech.3","tech.4"
25,2007,17,6.6,-11.1,32.2,0,0,0,"tech.3","tech.1","tech.1"
26,2007,7.3,0.2,-11.1,32.2,0,0,0,"tech.1","tech.3","tech.3"
27,2007,11.8,0.7,-11.1,32.2,1,0,0,"tech.2","tech.4","tech.1"
28,2007,2.4,0.5,-11.1,32.2,0,0,0,"tech.2","tech.1","tech.2"
29,2007,7.1,0.3,-11.1,32.2,0,0,0,"tech.2","tech.2","tech.4"
30,2007,6.8,1.1,-11.1,32.2,0,0,1,"tech.3","tech.3","tech.4"
31,2007,16.3,7.6,-11.1,32.2,0,0,0,"tech.1","tech.4","tech.2"
32,2007,2.6,0.1,-11.1,32.2,1,0,0,"tech.1","tech.2","tech.4"
33,2007,10.8,11.9,-11.1,32.2,0,0,1,"tech.4","tech.2","tech.3"
34,2007,17,8.3,-11.1,32.2,0,0,0,"tech.2","tech.3","tech.1"
35,2007,21.9,4.1,-11.1,32.2,0,0,0,"tech.2","tech.1","tech.4"
36,2007,2.5,1.8,-11.1,32.2,0,1,1,"tech.3","tech.1","tech.1"
37,2007,6.2,0.3,-11.1,32.2,0,0,0,"tech.4","tech.2","tech.1"
38,2007,2.3,0,-11.1,32.2,0,0,1,"tech.3","tech.1","tech.1"
39,2007,4.1,0,-11.1,32.2,0,0,0,"tech.2","tech.1","tech.3"
40,2007,7.5,1.7,-11.1,32.2,1,0,0,"tech.1","tech.2","tech.1"
41,2007,11.8,7.5,-11.1,32.2,0,0,1,"tech.4","tech.3","tech.3"
42,2007,10.1,3.8,-11.1,32.2,0,1,0,"tech.4","tech.2","tech.3"
43,2007,4.5,0.6,-11.1,32.2,1,0,1,"tech.1","tech.3","tech.4"
44,2007,10,8,-11.1,32.2,1,0,0,"tech.4","tech.1","tech.4"
45,2007,1,1.8,-11.1,32.2,1,0,1,"tech.3","tech.1","tech.1"
46,2007,2.1,0.6,-11.1,32.2,0,0,1,"tech.4","tech.2","tech.2"
47,2007,16.5,0.3,-11.1,32.2,0,0,0,"tech.2","tech.4","tech.1"
48,2007,0.2,0,-11.1,32.2,0,0,0,"tech.1","tech.1","tech.1"
49,2007,16.9,11.6,-11.1,32.2,0,0,0,"tech.1","tech.3","tech.1"
50,2007,18.1,2.7,-11.1,32.2,0,0,0,"tech.4","tech.3","tech.1"
51,2007,19.9,4.7,-11.1,32.2,0,0,0,"tech.2","tech.2","tech.4"
52,2007,8.9,1.5,-11.1,32.2,0,1,0,"tech.4","tech.2","tech.4"
53,2007,14.5,4.7,-11.1,32.2,1,0,1,"tech.2","tech.4","tech.2"
54,2007,9.4,5,-11.1,32.2,0,0,0,"tech.4","tech.4","tech.3"
55,2007,0,0,-11.1,32.2,0,0,1,"tech.1","tech.2","tech.1"
56,2007,10.6,0,-11.1,32.2,0,0,1,"tech.4","tech.2","tech.2"
57,2007,7.1,1.7,-11.1,32.2,0,0,1,"tech.4","tech.2","tech.4"
58,2007,17.9,4.4,-11.1,32.2,0,0,0,"tech.4","tech.2","tech.3"
59,2007,16.5,0.5,-11.1,32.2,0,0,0,"tech.2","tech.3","tech.2"
60,2007,6.3,2,-11.1,32.2,0,1,1,"tech.1","tech.3","tech.4"
61,2007,17.2,0,-11.1,32.2,0,0,0,"tech.2","tech.4","tech.3"
62,2007,18.6,1,-11.1,32.2,0,0,0,"tech.3","tech.3","tech.1"
63,2007,23.9,5.4,-11.1,32.2,0,0,0,"tech.3","tech.4","tech.2"
64,2007,10.2,0.4,-11.1,32.2,0,0,0,"tech.4","tech.3","tech.3"
65,2007,4.9,0.2,-11.1,32.2,0,0,0,"tech.2","tech.3","tech.1"
66,2007,9.5,5.4,-11.1,32.2,0,0,0,"tech.1","tech.4","tech.2"
67,2007,12.3,4.2,-11.1,32.2,1,1,0,"tech.1","tech.2","tech.4"
68,2007,12.6,5.7,-11.1,32.2,0,1,0,"tech.2","tech.3","tech.2"
69,2007,13.5,1.7,-11.1,32.2,0,1,0,"tech.4","tech.4","tech.2"
70,2007,1.9,6.1,-11.1,32.2,0,0,0,"tech.1","tech.1","tech.1"
71,2007,5.3,3.4,-11.1,32.2,0,0,0,"tech.1","tech.3","tech.4"
72,2007,16.1,0.3,-11.1,32.2,0,0,0,"tech.3","tech.1","tech.1"
73,2007,11.9,11.4,-11.1,32.2,0,0,1,"tech.4","tech.3","tech.2"
74,2007,3.6,0,-11.1,32.2,0,1,0,"tech.4","tech.4","tech.1"
75,2007,12.3,8.7,-11.1,32.2,0,0,1,"tech.1","tech.1","tech.2"
76,2007,15,3.3,-11.1,32.2,1,0,0,"tech.4","tech.4","tech.4"
77,2007,4.8,0.3,-11.1,32.2,0,0,0,"tech.3","tech.4","tech.4"
78,2007,29.1,6.8,-11.1,32.2,0,0,0,"tech.2","tech.2","tech.2"
79,2007,14.1,16,-11.1,32.2,0,0,1,"tech.2","tech.3","tech.2"
80,2007,7.2,3.1,-11.1,32.2,0,1,1,"tech.3","tech.1","tech.2"
81,2007,7.1,0.9,-11.1,32.2,0,1,0,"tech.1","tech.2","tech.4"
82,2007,17.6,4.7,-11.1,32.2,0,0,0,"tech.3","tech.3","tech.1"
83,2007,24.1,1.8,-11.1,32.2,0,0,0,"tech.1","tech.1","tech.4"
84,2007,2.9,9,-11.1,32.2,0,0,1,"tech.1","tech.2","tech.2"
85,2007,7.4,0.1,-11.1,32.2,0,1,0,"tech.3","tech.1","tech.4"
86,2007,5,2.1,-11.1,32.2,0,0,0,"tech.3","tech.2","tech.4"
87,2007,10.1,0,-11.1,32.2,0,1,1,"tech.4","tech.1","tech.2"
88,2007,20.5,5.4,-11.1,32.2,0,0,0,"tech.3","tech.3","tech.3"
89,2007,17.7,4.5,-11.1,32.2,0,0,0,"tech.2","tech.1","tech.3"
90,2007,1.3,0,-11.1,32.2,0,0,0,"tech.4","tech.2","tech.4"
91,2007,7.3,0.8,-11.1,32.2,0,1,0,"tech.4","tech.2","tech.1"
92,2007,15.3,8.9,-11.1,32.2,0,0,0,"tech.2","tech.4","tech.4"
93,2007,9.4,3.4,-11.1,32.2,0,1,0,"tech.1","tech.1","tech.3"
94,2007,3.5,2.4,-11.1,32.2,0,0,0,"tech.4","tech.3","tech.2"
95,2007,19.5,6.9,-11.1,32.2,0,0,0,"tech.1","tech.1","tech.4"
96,2007,12.2,8.3,-11.1,32.2,0,0,0,"tech.1","tech.4","tech.2"
97,2007,13,12.9,-11.1,32.2,0,0,0,"tech.2","tech.2","tech.4"
98,2007,13.7,5.8,-11.1,32.2,0,0,1,"tech.4","tech.4","tech.1"
99,2007,16.6,1.3,-11.1,32.2,0,0,0,"tech.4","tech.2","tech.4"
100,2007,20.9,9.4,-11.1,32.2,0,0,0,"tech.2","tech.3","tech.2"
1,2008,2.3,1.5,-5.6,35,0,1,0,"tech.1","tech.4","tech.2"
2,2008,7.8,1.2,-5.6,35,0,0,0,"tech.1","tech.3","tech.1"
3,2008,11.5,21.4,-5.6,35,0,0,1,"tech.2","tech.3","tech.3"
4,2008,7.1,7.3,-5.6,35,1,0,1,"tech.2","tech.3","tech.2"
5,2008,9.8,1.2,-5.6,35,0,0,0,"tech.3","tech.2","tech.2"
6,2008,22.8,4.5,-5.6,35,0,0,0,"tech.2","tech.4","tech.4"
7,2008,11.8,0,-5.6,35,0,0,1,"tech.4","tech.4","tech.1"
8,2008,9.3,3.5,-5.6,35,0,0,0,"tech.3","tech.3","tech.4"
9,2008,1.7,0.3,-5.6,35,0,0,0,"tech.3","tech.4","tech.2"
10,2008,5,2.4,-5.6,35,0,1,0,"tech.4","tech.3","tech.2"
11,2008,2.6,2.9,-5.6,35,0,1,1,"tech.1","tech.1","tech.2"
12,2008,13.1,13.5,-5.6,35,1,0,0,"tech.3","tech.4","tech.3"
13,2008,13.5,12.1,-5.6,35,0,1,1,"tech.3","tech.4","tech.1"
14,2008,9.3,13.5,-5.6,35,0,0,0,"tech.1","tech.3","tech.2"
15,2008,4.8,1.3,-5.6,35,0,1,1,"tech.1","tech.1","tech.1"
16,2008,3.2,0.6,-5.6,35,0,0,0,"tech.3","tech.2","tech.4"
17,2008,10.2,4.2,-5.6,35,0,0,0,"tech.4","tech.1","tech.1"
18,2008,0,0,-5.6,35,0,1,0,"tech.4","tech.1","tech.2"
19,2008,4,3.5,-5.6,35,0,0,0,"tech.2","tech.1","tech.3"
20,2008,4,0.3,-5.6,35,1,0,0,"tech.2","tech.4","tech.1"
21,2008,9.9,3.5,-5.6,35,0,0,0,"tech.4","tech.1","tech.4"
22,2008,9.4,0.6,-5.6,35,1,0,0,"tech.1","tech.3","tech.2"
23,2008,11.7,3.8,-5.6,35,0,0,0,"tech.4","tech.4","tech.4"
24,2008,17,1,-5.6,35,0,0,0,"tech.2","tech.3","tech.4"
25,2008,16.1,7.7,-5.6,35,0,0,0,"tech.4","tech.1","tech.2"
26,2008,7.1,0.2,-5.6,35,1,1,1,"tech.2","tech.1","tech.3"
27,2008,10.4,0.7,-5.6,35,1,0,1,"tech.2","tech.3","tech.1"
28,2008,3.1,0.5,-5.6,35,1,0,0,"tech.1","tech.3","tech.3"
29,2008,6.9,0.4,-5.6,35,0,1,0,"tech.4","tech.4","tech.4"
30,2008,6.7,1.1,-5.6,35,0,1,0,"tech.4","tech.2","tech.3"
31,2008,13.4,8.4,-5.6,35,0,0,0,"tech.4","tech.4","tech.4"
32,2008,2.8,0.1,-5.6,35,0,0,0,"tech.3","tech.3","tech.1"
33,2008,10.9,11.9,-5.6,35,1,0,0,"tech.4","tech.2","tech.4"
34,2008,13.3,8.6,-5.6,35,1,0,1,"tech.3","tech.3","tech.2"
35,2008,24.8,4.1,-5.6,35,0,0,0,"tech.2","tech.3","tech.1"
36,2008,3.7,1.8,-5.6,35,0,1,0,"tech.3","tech.1","tech.3"
37,2008,5.8,0.3,-5.6,35,0,0,0,"tech.4","tech.2","tech.1"
38,2008,0.4,0,-5.6,35,0,0,0,"tech.2","tech.1","tech.3"
39,2008,2.9,0,-5.6,35,0,0,1,"tech.3","tech.2","tech.2"
40,2008,6.4,1.8,-5.6,35,0,1,0,"tech.4","tech.2","tech.4"
41,2008,10.8,8,-5.6,35,1,0,1,"tech.2","tech.4","tech.2"
42,2008,8.7,4.3,-5.6,35,0,1,1,"tech.3","tech.2","tech.3"
43,2008,2.4,0.6,-5.6,35,1,1,1,"tech.2","tech.1","tech.3"
44,2008,9.9,8,-5.6,35,0,0,1,"tech.3","tech.2","tech.1"
45,2008,3.2,1.8,-5.6,35,0,0,0,"tech.3","tech.3","tech.3"
46,2008,3.5,0.6,-5.6,35,0,1,0,"tech.2","tech.2","tech.4"
47,2008,10,1.7,-5.6,35,0,0,0,"tech.4","tech.4","tech.1"
48,2008,0,0,-5.6,35,1,0,1,"tech.3","tech.3","tech.1"
49,2008,10.4,12.5,-5.6,35,0,0,0,"tech.2","tech.4","tech.2"
50,2008,13.7,2.7,-5.6,35,0,0,0,"tech.1","tech.1","tech.1"
51,2008,19.6,4.8,-5.6,35,0,0,1,"tech.4","tech.4","tech.2"
52,2008,7.1,1.5,-5.6,35,0,0,0,"tech.1","tech.3","tech.4"
53,2008,12.5,4.7,-5.6,35,0,0,0,"tech.4","tech.4","tech.3"
54,2008,2.8,5,-5.6,35,0,1,0,"tech.3","tech.1","tech.4"
55,2008,11.8,0,-5.6,35,0,0,0,"tech.2","tech.4","tech.2"
56,2008,2.9,0,-5.6,35,0,0,0,"tech.3","tech.1","tech.2"
57,2008,7.3,1.7,-5.6,35,0,0,0,"tech.3","tech.2","tech.4"
58,2008,14.5,4.4,-5.6,35,0,0,0,"tech.4","tech.3","tech.1"
59,2008,16.7,0.5,-5.6,35,0,0,0,"tech.3","tech.3","tech.4"
60,2008,3.3,2,-5.6,35,0,0,1,"tech.4","tech.2","tech.1"
61,2008,1.9,0,-5.6,35,0,0,0,"tech.3","tech.1","tech.2"
62,2008,17.3,1,-5.6,35,0,0,0,"tech.1","tech.3","tech.3"
63,2008,23.2,5.4,-5.6,35,0,0,0,"tech.3","tech.4","tech.3"
64,2008,9.2,0.4,-5.6,35,0,0,0,"tech.4","tech.1","tech.1"
65,2008,0.5,0.2,-5.6,35,0,0,1,"tech.3","tech.4","tech.2"
66,2008,8.8,5.6,-5.6,35,0,1,1,"tech.2","tech.2","tech.1"
67,2008,8,4.2,-5.6,35,0,0,0,"tech.4","tech.4","tech.4"
68,2008,12.2,5.8,-5.6,35,0,0,0,"tech.2","tech.4","tech.2"
69,2008,9.5,3.7,-5.6,35,0,0,0,"tech.2","tech.3","tech.1"
70,2008,5.8,6.2,-5.6,35,0,0,0,"tech.4","tech.4","tech.4"
71,2008,6.9,3.5,-5.6,35,0,1,0,"tech.3","tech.1","tech.4"
72,2008,9.5,2.2,-5.6,35,0,0,0,"tech.1","tech.2","tech.4"
73,2008,9.4,13.5,-5.6,35,0,1,0,"tech.1","tech.1","tech.4"
74,2008,7.9,0,-5.6,35,0,1,1,"tech.4","tech.2","tech.2"
75,2008,11.9,9.3,-5.6,35,0,0,0,"tech.1","tech.1","tech.2"
76,2008,13.9,3.3,-5.6,35,1,1,0,"tech.2","tech.1","tech.4"
77,2008,1.3,0.3,-5.6,35,1,0,1,"tech.2","tech.4","tech.1"
78,2008,19.1,6.8,-5.6,35,0,0,0,"tech.4","tech.1","tech.1"
79,2008,11.7,16.5,-5.6,35,0,0,0,"tech.3","tech.4","tech.4"
80,2008,8.6,3.1,-5.6,35,0,0,1,"tech.4","tech.4","tech.4"
81,2008,5.6,2.3,-5.6,35,0,0,1,"tech.3","tech.3","tech.2"
82,2008,16.9,4.8,-5.6,35,0,0,0,"tech.3","tech.3","tech.4"
83,2008,14.2,2.1,-5.6,35,0,0,0,"tech.3","tech.2","tech.2"
84,2008,2.5,9,-5.6,35,1,0,0,"tech.1","tech.3","tech.2"
85,2008,2.9,0.1,-5.6,35,0,0,1,"tech.1","tech.1","tech.1"
86,2008,3,2.1,-5.6,35,0,0,0,"tech.1","tech.2","tech.2"
87,2008,8.6,0,-5.6,35,0,0,0,"tech.2","tech.4","tech.4"
88,2008,13.3,6,-5.6,35,0,0,0,"tech.1","tech.2","tech.3"
89,2008,16.1,4.5,-5.6,35,0,0,0,"tech.4","tech.4","tech.3"
90,2008,0.1,0,-5.6,35,0,0,0,"tech.3","tech.2","tech.4"
91,2008,5.7,0.8,-5.6,35,0,0,0,"tech.2","tech.4","tech.3"
92,2008,11.9,9,-5.6,35,1,0,0,"tech.2","tech.4","tech.3"
93,2008,8.2,3.5,-5.6,35,0,1,0,"tech.4","tech.2","tech.4"
94,2008,3.7,2.4,-5.6,35,0,1,0,"tech.1","tech.1","tech.1"
95,2008,12.5,9.8,-5.6,35,0,0,0,"tech.4","tech.4","tech.3"
96,2008,12.2,9.5,-5.6,35,0,0,0,"tech.3","tech.2","tech.1"
97,2008,11.2,13,-5.6,35,0,0,0,"tech.4","tech.1","tech.2"
98,2008,9.8,6.4,-5.6,35,0,0,0,"tech.3","tech.4","tech.4"
99,2008,10.2,1.3,-5.6,35,0,0,0,"tech.4","tech.4","tech.1"
100,2008,15.6,9.4,-5.6,35,0,1,0,"tech.4","tech.4","tech.4"
1,2009,10.7,1,-6.7,36.7,0,0,0,"tech.2","tech.2","tech.3"
2,2009,6,5.1,-6.7,36.7,0,0,0,"tech.3","tech.1","tech.2"
3,2009,11.4,21.4,-6.7,36.7,1,0,1,"tech.2","tech.3","tech.2"
4,2009,14.4,6.4,-6.7,36.7,0,0,0,"tech.1","tech.3","tech.1"
5,2009,10.4,0.9,-6.7,36.7,1,0,0,"tech.2","tech.4","tech.1"
6,2009,21.3,4.6,-6.7,36.7,0,0,0,"tech.4","tech.3","tech.3"
7,2009,8.1,3.1,-6.7,36.7,0,0,0,"tech.3","tech.4","tech.3"
8,2009,5.4,2.8,-6.7,36.7,0,0,0,"tech.1","tech.4","tech.3"
9,2009,12.9,3.6,-6.7,36.7,0,1,0,"tech.3","tech.4","tech.2"
10,2009,6.1,2.7,-6.7,36.7,0,1,0,"tech.2","tech.1","tech.4"
11,2009,3.2,3.5,-6.7,36.7,1,0,1,"tech.1","tech.3","tech.1"
12,2009,12.4,14.2,-6.7,36.7,0,0,0,"tech.1","tech.4","tech.2"
13,2009,6.4,17,-6.7,36.7,0,0,0,"tech.3","tech.3","tech.1"
14,2009,8.9,12.5,-6.7,36.7,1,0,1,"tech.1","tech.2","tech.1"
15,2009,1.7,1.8,-6.7,36.7,0,0,0,"tech.2","tech.3","tech.4"
16,2009,7.7,0.5,-6.7,36.7,0,0,1,"tech.2","tech.2","tech.1"
17,2009,9.4,4.1,-6.7,36.7,0,0,0,"tech.4","tech.1","tech.3"
18,2009,0.5,0,-6.7,36.7,1,1,0,"tech.3","tech.4","tech.4"
19,2009,13.1,4.7,-6.7,36.7,0,0,0,"tech.1","tech.3","tech.3"
20,2009,6.7,0.4,-6.7,36.7,0,0,0,"tech.2","tech.4","tech.1"
21,2009,10.2,5.6,-6.7,36.7,1,0,0,"tech.1","tech.4","tech.3"
22,2009,9,0.6,-6.7,36.7,0,0,0,"tech.4","tech.1","tech.1"
23,2009,11.2,4.5,-6.7,36.7,0,0,0,"tech.2","tech.1","tech.3"
24,2009,11.2,0.4,-6.7,36.7,0,0,0,"tech.3","tech.3","tech.4"
25,2009,16.4,7.7,-6.7,36.7,1,0,0,"tech.1","tech.4","tech.4"
26,2009,11.4,3.7,-6.7,36.7,0,1,0,"tech.2","tech.1","tech.4"
27,2009,8.9,0.4,-6.7,36.7,0,0,0,"tech.2","tech.3","tech.2"
28,2009,11.6,4.1,-6.7,36.7,0,0,1,"tech.2","tech.4","tech.1"
29,2009,8.5,0.6,-6.7,36.7,1,0,0,"tech.1","tech.2","tech.3"
30,2009,4,1,-6.7,36.7,0,0,0,"tech.3","tech.4","tech.3"
31,2009,9.9,10.1,-6.7,36.7,1,1,1,"tech.3","tech.1","tech.3"
32,2009,7.9,1.9,-6.7,36.7,0,0,1,"tech.4","tech.2","tech.2"
33,2009,10.8,11.9,-6.7,36.7,0,0,0,"tech.4","tech.4","tech.4"
34,2009,13.3,8,-6.7,36.7,0,0,0,"tech.3","tech.4","tech.4"
35,2009,20.6,3.3,-6.7,36.7,0,0,0,"tech.2","tech.2","tech.4"
36,2009,1.7,1.4,-6.7,36.7,0,1,0,"tech.4","tech.2","tech.1"
37,2009,2.1,0.2,-6.7,36.7,0,1,1,"tech.2","tech.3","tech.4"
38,2009,9.9,0.1,-6.7,36.7,0,1,1,"tech.3","tech.2","tech.1"
39,2009,6.8,0,-6.7,36.7,0,1,0,"tech.2","tech.1","tech.3"
40,2009,5.2,2.4,-6.7,36.7,0,0,0,"tech.3","tech.4","tech.4"
41,2009,17.6,8.3,-6.7,36.7,1,0,0,"tech.2","tech.4","tech.3"
42,2009,8.1,4.8,-6.7,36.7,0,0,1,"tech.4","tech.4","tech.4"
43,2009,7.4,2.3,-6.7,36.7,0,0,0,"tech.4","tech.1","tech.3"
44,2009,9.6,8.5,-6.7,36.7,0,0,0,"tech.3","tech.3","tech.2"
45,2009,5.9,3.3,-6.7,36.7,0,0,0,"tech.3","tech.4","tech.3"
46,2009,8.3,2,-6.7,36.7,1,0,0,"tech.2","tech.3","tech.1"
47,2009,13.7,2.2,-6.7,36.7,0,0,0,"tech.2","tech.3","tech.2"
48,2009,0,0,-6.7,36.7,0,1,1,"tech.4","tech.2","tech.2"
49,2009,9,11.1,-6.7,36.7,1,0,1,"tech.2","tech.4","tech.2"
50,2009,14.4,3.8,-6.7,36.7,0,0,0,"tech.3","tech.2","tech.4"
51,2009,12.3,7.1,-6.7,36.7,0,0,0,"tech.3","tech.3","tech.1"
52,2009,7.8,1.4,-6.7,36.7,0,0,0,"tech.4","tech.3","tech.3"
53,2009,12.8,2.9,-6.7,36.7,0,0,1,"tech.3","tech.2","tech.3"
54,2009,5,4.2,-6.7,36.7,0,1,0,"tech.1","tech.1","tech.1"
55,2009,5.4,0.2,-6.7,36.7,0,0,0,"tech.4","tech.2","tech.2"
56,2009,15.3,1.5,-6.7,36.7,1,0,0,"tech.2","tech.3","tech.1"
57,2009,7,1.6,-6.7,36.7,1,0,0,"tech.3","tech.3","tech.4"
58,2009,15.1,3.9,-6.7,36.7,0,0,0,"tech.2","tech.3","tech.3"
59,2009,16.3,0.6,-6.7,36.7,0,0,0,"tech.2","tech.4","tech.1"
60,2009,5.7,3,-6.7,36.7,0,0,0,"tech.3","tech.4","tech.1"
61,2009,6.1,0,-6.7,36.7,0,0,0,"tech.2","tech.4","tech.4"
62,2009,16.4,3.7,-6.7,36.7,0,0,0,"tech.3","tech.2","tech.1"
63,2009,18.5,5.2,-6.7,36.7,0,0,0,"tech.4","tech.3","tech.2"
64,2009,6.4,0.6,-6.7,36.7,0,0,0,"tech.3","tech.3","tech.2"
65,2009,12.4,3.4,-6.7,36.7,0,0,0,"tech.1","tech.3","tech.4"
66,2009,9,5.4,-6.7,36.7,1,1,0,"tech.1","tech.2","tech.4"
67,2009,10.8,3.2,-6.7,36.7,0,0,0,"tech.2","tech.4","tech.2"
68,2009,11.7,5.2,-6.7,36.7,0,1,0,"tech.3","tech.2","tech.2"
69,2009,11.1,4.8,-6.7,36.7,0,0,0,"tech.2","tech.4","tech.1"
70,2009,0,5.3,-6.7,36.7,0,0,1,"tech.4","tech.4","tech.1"
71,2009,5.1,4,-6.7,36.7,0,0,0,"tech.1","tech.3","tech.1"
72,2009,8,4.5,-6.7,36.7,0,0,0,"tech.1","tech.1","tech.2"
73,2009,9.7,13.5,-6.7,36.7,0,0,0,"tech.3","tech.3","tech.4"
74,2009,1.9,1.1,-6.7,36.7,0,1,1,"tech.3","tech.1","tech.2"
75,2009,9.9,8.3,-6.7,36.7,0,1,1,"tech.4","tech.3","tech.2"
76,2009,11.6,5.3,-6.7,36.7,0,1,0,"tech.4","tech.1","tech.2"
77,2009,12.8,2.6,-6.7,36.7,0,1,1,"tech.4","tech.2","tech.1"
78,2009,18.6,5.8,-6.7,36.7,0,0,0,"tech.1","tech.2","tech.2"
79,2009,8.4,19.3,-6.7,36.7,0,1,0,"tech.1","tech.1","tech.3"
80,2009,7,2.6,-6.7,36.7,1,0,0,"tech.1","tech.4","tech.1"
81,2009,3.8,5.5,-6.7,36.7,0,1,0,"tech.3","tech.1","tech.2"
82,2009,17.3,4.5,-6.7,36.7,1,0,0,"tech.3","tech.3","tech.2"
83,2009,24.8,3.8,-6.7,36.7,1,0,0,"tech.2","tech.3","tech.1"
84,2009,3.3,8.8,-6.7,36.7,0,0,1,"tech.4","tech.3","tech.2"
85,2009,11.5,1.1,-6.7,36.7,0,0,1,"tech.3","tech.2","tech.2"
86,2009,4.6,2.6,-6.7,36.7,0,0,1,"tech.2","tech.2","tech.3"
87,2009,12.1,3.6,-6.7,36.7,1,1,0,"tech.2","tech.3","tech.4"
88,2009,15.6,6.4,-6.7,36.7,0,0,0,"tech.1","tech.4","tech.3"
89,2009,17.9,4.2,-6.7,36.7,0,0,0,"tech.4","tech.2","tech.1"
90,2009,2.6,0,-6.7,36.7,1,0,0,"tech.1","tech.3","tech.1"
91,2009,6.7,2.9,-6.7,36.7,0,0,0,"tech.4","tech.1","tech.2"
92,2009,14.8,7.2,-6.7,36.7,0,0,0,"tech.3","tech.4","tech.2"
93,2009,7.9,6,-6.7,36.7,1,1,0,"tech.1","tech.1","tech.3"
94,2009,3.7,2.9,-6.7,36.7,0,0,1,"tech.3","tech.3","tech.2"
95,2009,15,9.3,-6.7,36.7,0,0,0,"tech.3","tech.3","tech.2"
96,2009,13.2,10.1,-6.7,36.7,0,0,0,"tech.3","tech.1","tech.1"
97,2009,10.5,13.7,-6.7,36.7,0,0,0,"tech.4","tech.3","tech.3"
98,2009,11.4,7.5,-6.7,36.7,0,0,0,"tech.3","tech.2","tech.1"
99,2009,14.3,2.9,-6.7,36.7,0,0,0,"tech.4","tech.3","tech.3"
100,2009,17.6,8.3,-6.7,36.7,0,0,0,"tech.4","tech.1","tech.3"
1,2010,16.3,1.2,-4.4,28.3,1,1,0,"tech.1","tech.1","tech.4"
2,2010,11.7,10.1,-4.4,28.3,0,0,0,"tech.4","tech.1","tech.3"
3,2010,11.4,21.4,-4.4,28.3,0,0,0,"tech.4","tech.1","tech.3"
4,2010,12.3,5.4,-4.4,28.3,0,0,0,"tech.3","tech.2","tech.3"
5,2010,12.5,1.3,-4.4,28.3,0,1,0,"tech.3","tech.1","tech.2"
6,2010,23.7,4.1,-4.4,28.3,0,0,0,"tech.4","tech.4","tech.3"
7,2010,10.8,1.9,-4.4,28.3,0,0,0,"tech.4","tech.3","tech.4"
8,2010,11.2,3.6,-4.4,28.3,0,0,0,"tech.2","tech.2","tech.4"
9,2010,19.2,2,-4.4,28.3,0,0,0,"tech.1","tech.1","tech.4"
10,2010,6.6,2.6,-4.4,28.3,0,0,1,"tech.3","tech.4","tech.1"
11,2010,3.3,4.1,-4.4,28.3,0,1,1,"tech.2","tech.2","tech.1"
12,2010,12.6,14.6,-4.4,28.3,1,0,1,"tech.1","tech.1","tech.2"
13,2010,10.9,15.5,-4.4,28.3,0,1,0,"tech.1","tech.1","tech.4"
14,2010,9.5,11.7,-4.4,28.3,0,0,0,"tech.2","tech.1","tech.2"
15,2010,18.3,5.6,-4.4,28.3,0,0,0,"tech.1","tech.1","tech.4"
16,2010,13.4,0.4,-4.4,28.3,0,0,0,"tech.4","tech.3","tech.4"
17,2010,12.3,4,-4.4,28.3,0,0,0,"tech.4","tech.4","tech.1"
18,2010,2.4,0.4,-4.4,28.3,0,1,0,"tech.2","tech.2","tech.3"
19,2010,9.5,3.9,-4.4,28.3,0,0,0,"tech.4","tech.4","tech.2"
20,2010,10.9,0.7,-4.4,28.3,0,0,1,"tech.4","tech.4","tech.3"
21,2010,9.3,5.2,-4.4,28.3,0,0,0,"tech.4","tech.2","tech.3"
22,2010,15.9,2,-4.4,28.3,0,0,0,"tech.1","tech.1","tech.1"
23,2010,10.2,4.9,-4.4,28.3,1,0,0,"tech.1","tech.2","tech.4"
24,2010,15.3,3.5,-4.4,28.3,0,0,0,"tech.4","tech.4","tech.2"
25,2010,17.3,9.3,-4.4,28.3,0,0,0,"tech.2","tech.3","tech.1"
26,2010,12.4,4.2,-4.4,28.3,0,0,0,"tech.3","tech.4","tech.1"
27,2010,17.4,1.4,-4.4,28.3,0,0,0,"tech.1","tech.1","tech.2"
28,2010,9.8,4.7,-4.4,28.3,0,1,0,"tech.3","tech.2","tech.2"
29,2010,14.1,1.1,-4.4,28.3,1,0,0,"tech.1","tech.1","tech.3"
30,2010,8.5,1.2,-4.4,28.3,0,1,0,"tech.4","tech.1","tech.3"
31,2010,15.9,16.1,-4.4,28.3,0,0,0,"tech.2","tech.2","tech.2"
32,2010,7.5,2.1,-4.4,28.3,0,1,0,"tech.1","tech.4","tech.2"
33,2010,11.7,12.6,-4.4,28.3,0,0,0,"tech.1","tech.1","tech.3"
34,2010,16.6,7.3,-4.4,28.3,1,0,0,"tech.3","tech.2","tech.1"
35,2010,23.3,2.3,-4.4,28.3,0,0,0,"tech.1","tech.4","tech.3"
36,2010,5.1,2.2,-4.4,28.3,0,0,1,"tech.2","tech.3","tech.3"
37,2010,14.1,0,-4.4,28.3,0,0,0,"tech.4","tech.1","tech.1"
38,2010,12.6,0.1,-4.4,28.3,0,0,0,"tech.3","tech.4","tech.2"
39,2010,12.3,0,-4.4,28.3,0,0,0,"tech.3","tech.2","tech.4"
40,2010,7.3,10.5,-4.4,28.3,0,0,1,"tech.3","tech.4","tech.2"
41,2010,21.6,8.6,-4.4,28.3,0,0,0,"tech.4","tech.3","tech.4"
42,2010,13.9,4.2,-4.4,28.3,1,0,1,"tech.4","tech.3","tech.3"
43,2010,8.2,1.2,-4.4,28.3,1,0,1,"tech.1","tech.4","tech.2"
44,2010,10.2,8.7,-4.4,28.3,0,0,0,"tech.4","tech.3","tech.4"
45,2010,5.6,3,-4.4,28.3,0,0,0,"tech.3","tech.3","tech.3"
46,2010,8,2.5,-4.4,28.3,0,1,0,"tech.3","tech.1","tech.1"
47,2010,19.6,4,-4.4,28.3,0,0,0,"tech.1","tech.3","tech.3"
48,2010,5.6,0,-4.4,28.3,0,0,0,"tech.3","tech.1","tech.3"
49,2010,15.1,19.3,-4.4,28.3,0,1,0,"tech.1","tech.2","tech.3"
50,2010,17,3.9,-4.4,28.3,0,0,0,"tech.4","tech.2","tech.3"
51,2010,10.3,6,-4.4,28.3,0,0,0,"tech.3","tech.1","tech.2"
52,2010,13.9,4.3,-4.4,28.3,0,0,0,"tech.3","tech.3","tech.1"
53,2010,14.8,3.5,-4.4,28.3,0,0,0,"tech.2","tech.1","tech.1"
54,2010,15.5,4.4,-4.4,28.3,1,0,0,"tech.1","tech.3","tech.2"
55,2010,22.5,0.2,-4.4,28.3,1,0,1,"tech.4","tech.2","tech.2"
56,2010,24,1.5,-4.4,28.3,0,1,0,"tech.4","tech.1","tech.2"
57,2010,13.2,3.9,-4.4,28.3,1,0,0,"tech.3","tech.2","tech.1"
58,2010,13.1,5.4,-4.4,28.3,0,0,0,"tech.4","tech.1","tech.3"
59,2010,21.8,0.7,-4.4,28.3,0,0,0,"tech.2","tech.4","tech.3"
60,2010,10.5,3.6,-4.4,28.3,0,0,0,"tech.2","tech.3","tech.3"
61,2010,15,0.6,-4.4,28.3,0,0,0,"tech.2","tech.2","tech.3"
62,2010,13.6,2.8,-4.4,28.3,0,0,0,"tech.4","tech.3","tech.3"
63,2010,20.6,4.5,-4.4,28.3,0,0,1,"tech.3","tech.4","tech.1"
64,2010,16.5,1,-4.4,28.3,0,0,0,"tech.4","tech.4","tech.4"
65,2010,15.5,2.1,-4.4,28.3,0,0,0,"tech.1","tech.4","tech.4"
66,2010,12.2,6.4,-4.4,28.3,1,1,0,"tech.2","tech.4","tech.1"
67,2010,12,2.1,-4.4,28.3,1,0,0,"tech.3","tech.3","tech.4"
68,2010,15.4,6.6,-4.4,28.3,0,0,0,"tech.3","tech.4","tech.4"
69,2010,17.6,12.2,-4.4,28.3,0,0,0,"tech.4","tech.1","tech.3"
70,2010,6.8,4.9,-4.4,28.3,0,1,0,"tech.4","tech.3","tech.3"
71,2010,8.5,7.7,-4.4,28.3,1,1,0,"tech.1","tech.1","tech.2"
72,2010,18.6,4.9,-4.4,28.3,0,0,0,"tech.1","tech.4","tech.1"
73,2010,13.5,11.2,-4.4,28.3,0,0,0,"tech.3","tech.4","tech.4"
74,2010,6.1,0.5,-4.4,28.3,0,1,1,"tech.3","tech.1","tech.2"
75,2010,12,9.8,-4.4,28.3,0,1,1,"tech.4","tech.2","tech.2"
76,2010,10.4,5.2,-4.4,28.3,0,0,0,"tech.3","tech.4","tech.2"
77,2010,11.3,2.4,-4.4,28.3,0,0,0,"tech.3","tech.3","tech.3"
78,2010,20.7,4.9,-4.4,28.3,0,0,0,"tech.3","tech.3","tech.4"
79,2010,12.2,18.2,-4.4,28.3,1,0,0,"tech.2","tech.4","tech.2"
80,2010,20.3,2.1,-4.4,28.3,0,0,0,"tech.1","tech.4","tech.1"
81,2010,16,6.6,-4.4,28.3,0,0,1,"tech.4","tech.3","tech.1"
82,2010,18.3,5.3,-4.4,28.3,0,0,0,"tech.2","tech.4","tech.2"
83,2010,15.6,2.9,-4.4,28.3,0,0,0,"tech.1","tech.1","tech.4"
84,2010,3.4,8.9,-4.4,28.3,1,0,0,"tech.3","tech.3","tech.4"
85,2010,18.5,0.7,-4.4,28.3,0,0,1,"tech.4","tech.2","tech.1"
86,2010,6,2.3,-4.4,28.3,0,1,0,"tech.2","tech.2","tech.1"
87,2010,12.3,2.9,-4.4,28.3,0,0,0,"tech.2","tech.1","tech.2"
88,2010,17.4,7.3,-4.4,28.3,0,0,0,"tech.4","tech.4","tech.4"
89,2010,4.1,0,-4.4,28.3,0,0,0,"tech.2","tech.3","tech.1"
90,2010,0.9,0,-4.4,28.3,0,0,0,"tech.2","tech.4","tech.1"
91,2010,7.4,3.2,-4.4,28.3,0,0,0,"tech.4","tech.3","tech.3"
92,2010,15.2,7.1,-4.4,28.3,0,0,0,"tech.1","tech.2","tech.2"
93,2010,8.8,6.4,-4.4,28.3,1,1,1,"tech.2","tech.3","tech.2"
94,2010,3.3,2.6,-4.4,28.3,0,0,0,"tech.4","tech.4","tech.4"
95,2010,19.4,7.4,-4.4,28.3,0,0,1,"tech.4","tech.4","tech.1"
96,2010,13.6,11.2,-4.4,28.3,0,0,0,"tech.1","tech.4","tech.4"
97,2010,8.2,14,-4.4,28.3,0,0,0,"tech.2","tech.4","tech.4"
98,2010,16.3,7.5,-4.4,28.3,0,1,1,"tech.2","tech.1","tech.2"
99,2010,19.2,1.5,-4.4,28.3,0,0,0,"tech.2","tech.1","tech.4"
100,2010,20.6,7.4,-4.4,28.3,0,0,0,"tech.2","tech.4","tech.1"
1,2011,11.7,5.3,-11.7,26.1,0,0,0,"tech.1","tech.1","tech.1"
2,2011,13.8,9.3,-11.7,26.1,0,0,0,"tech.2","tech.1","tech.1"
3,2011,11.4,21.3,-11.7,26.1,1,1,0,"tech.1","tech.1","tech.4"
4,2011,17.5,4.4,-11.7,26.1,0,0,0,"tech.3","tech.1","tech.1"
5,2011,11.9,3.5,-11.7,26.1,0,0,1,"tech.4","tech.4","tech.1"
6,2011,24.7,3.9,-11.7,26.1,0,0,0,"tech.2","tech.3","tech.2"
7,2011,15.2,4.7,-11.7,26.1,0,0,0,"tech.4","tech.1","tech.1"
8,2011,11.5,4.9,-11.7,26.1,1,0,0,"tech.1","tech.1","tech.4"
9,2011,19.8,3.2,-11.7,26.1,0,0,0,"tech.1","tech.1","tech.4"
10,2011,7.3,2.3,-11.7,26.1,0,0,0,"tech.3","tech.1","tech.4"
11,2011,1.6,5.1,-11.7,26.1,0,1,0,"tech.2","tech.4","tech.4"
12,2011,13,14.5,-11.7,26.1,0,0,1,"tech.4","tech.4","tech.2"
13,2011,16.1,14.6,-11.7,26.1,0,0,0,"tech.4","tech.4","tech.2"
14,2011,16,10.9,-11.7,26.1,0,0,0,"tech.3","tech.4","tech.3"
15,2011,18.7,5.7,-11.7,26.1,0,0,0,"tech.2","tech.1","tech.4"
16,2011,9.5,2.5,-11.7,26.1,0,0,0,"tech.1","tech.3","tech.4"
17,2011,12.6,5,-11.7,26.1,0,0,0,"tech.1","tech.4","tech.4"
18,2011,14.1,3.2,-11.7,26.1,0,0,1,"tech.4","tech.4","tech.1"
19,2011,17,3.6,-11.7,26.1,0,0,0,"tech.1","tech.1","tech.2"
20,2011,13.9,1.2,-11.7,26.1,0,0,1,"tech.3","tech.2","tech.1"
21,2011,8.1,5.4,-11.7,26.1,0,0,0,"tech.4","tech.1","tech.2"
22,2011,1.2,0,-11.7,26.1,1,0,0,"tech.1","tech.3","tech.4"
23,2011,8.3,5.2,-11.7,26.1,0,0,0,"tech.2","tech.2","tech.4"
24,2011,15.3,2.8,-11.7,26.1,0,0,0,"tech.4","tech.3","tech.3"
25,2011,16.9,9.7,-11.7,26.1,0,0,0,"tech.4","tech.1","tech.4"
26,2011,12.8,4.3,-11.7,26.1,0,0,0,"tech.3","tech.4","tech.1"
27,2011,18.1,2,-11.7,26.1,0,0,0,"tech.1","tech.2","tech.1"
28,2011,10.4,4.1,-11.7,26.1,0,0,1,"tech.3","tech.3","tech.4"
29,2011,14.9,0.9,-11.7,26.1,0,0,0,"tech.2","tech.3","tech.2"
30,2011,10,1.3,-11.7,26.1,0,0,0,"tech.2","tech.3","tech.1"
31,2011,16.2,15.6,-11.7,26.1,0,0,0,"tech.1","tech.3","tech.2"
32,2011,8.1,1.5,-11.7,26.1,0,0,1,"tech.2","tech.2","tech.1"
33,2011,12.2,12,-11.7,26.1,1,0,0,"tech.1","tech.1","tech.2"
34,2011,17.5,5.5,-11.7,26.1,0,0,0,"tech.1","tech.2","tech.1"
35,2011,26.6,1.6,-11.7,26.1,0,0,0,"tech.3","tech.2","tech.3"
36,2011,3.7,4.3,-11.7,26.1,0,0,0,"tech.1","tech.2","tech.4"
37,2011,16.1,0.1,-11.7,26.1,0,0,0,"tech.2","tech.4","tech.2"
38,2011,11.3,0.5,-11.7,26.1,0,0,0,"tech.3","tech.2","tech.3"
39,2011,12.8,1.6,-11.7,26.1,0,0,0,"tech.4","tech.2","tech.1"
40,2011,11.2,13.9,-11.7,26.1,1,0,0,"tech.1","tech.3","tech.4"
41,2011,18.7,9.7,-11.7,26.1,0,0,0,"tech.3","tech.4","tech.2"
42,2011,11.1,4.6,-11.7,26.1,0,0,0,"tech.1","tech.2","tech.2"
43,2011,9,1.9,-11.7,26.1,0,0,0,"tech.4","tech.2","tech.4"
44,2011,13.2,8.7,-11.7,26.1,0,0,0,"tech.3","tech.1","tech.3"
45,2011,6.7,3.3,-11.7,26.1,1,0,0,"tech.2","tech.4","tech.3"
46,2011,9.1,2.3,-11.7,26.1,1,0,0,"tech.2","tech.2","tech.1"
47,2011,13.9,3.7,-11.7,26.1,1,0,1,"tech.1","tech.4","tech.2"
48,2011,12.1,1.5,-11.7,26.1,0,0,0,"tech.2","tech.4","tech.2"
49,2011,18.1,18.1,-11.7,26.1,0,0,0,"tech.1","tech.4","tech.4"
50,2011,17.9,4.9,-11.7,26.1,0,0,0,"tech.2","tech.1","tech.4"
51,2011,18.7,3.4,-11.7,26.1,0,0,0,"tech.1","tech.2","tech.2"
52,2011,13.7,4.2,-11.7,26.1,0,0,1,"tech.1","tech.4","tech.2"
53,2011,17.1,3.4,-11.7,26.1,0,0,0,"tech.3","tech.3","tech.1"
54,2011,16.5,7.1,-11.7,26.1,0,0,0,"tech.2","tech.2","tech.2"
55,2011,22,0.2,-11.7,26.1,0,0,0,"tech.1","tech.4","tech.1"
56,2011,18,2.8,-11.7,26.1,0,0,0,"tech.1","tech.4","tech.3"
57,2011,11.4,4,-11.7,26.1,0,0,0,"tech.2","tech.3","tech.3"
58,2011,15.6,4.9,-11.7,26.1,0,0,0,"tech.4","tech.4","tech.4"
59,2011,20.7,1.4,-11.7,26.1,0,0,0,"tech.4","tech.3","tech.1"
60,2011,10.6,4.2,-11.7,26.1,0,0,0,"tech.2","tech.2","tech.3"
61,2011,13.5,0.2,-11.7,26.1,0,0,0,"tech.1","tech.3","tech.4"
62,2011,17.5,0.9,-11.7,26.1,0,0,0,"tech.2","tech.2","tech.4"
63,2011,25.1,3.4,-11.7,26.1,0,0,0,"tech.3","tech.1","tech.4"
64,2011,0.2,0,-11.7,26.1,0,0,0,"tech.2","tech.3","tech.3"
65,2011,16.9,2.7,-11.7,26.1,0,0,0,"tech.4","tech.4","tech.4"
66,2011,12.3,6.6,-11.7,26.1,0,0,0,"tech.1","tech.2","tech.4"
67,2011,0.1,0,-11.7,26.1,0,0,0,"tech.1","tech.2","tech.2"
68,2011,15.9,6,-11.7,26.1,0,0,0,"tech.3","tech.2","tech.3"
69,2011,17.3,15.7,-11.7,26.1,0,0,0,"tech.3","tech.3","tech.3"
70,2011,7.7,6.6,-11.7,26.1,0,0,0,"tech.3","tech.4","tech.3"
71,2011,9.8,9,-11.7,26.1,0,1,1,"tech.2","tech.1","tech.3"
72,2011,16,8.6,-11.7,26.1,0,0,0,"tech.1","tech.1","tech.2"
73,2011,12.3,10.7,-11.7,26.1,0,0,0,"tech.3","tech.4","tech.3"
74,2011,15,7.8,-11.7,26.1,0,0,0,"tech.3","tech.2","tech.3"
75,2011,12.1,10.7,-11.7,26.1,0,0,0,"tech.3","tech.1","tech.3"
76,2011,13.7,3.6,-11.7,26.1,0,0,0,"tech.2","tech.2","tech.2"
77,2011,14.3,3.1,-11.7,26.1,0,0,0,"tech.3","tech.3","tech.4"
78,2011,26.8,3.9,-11.7,26.1,0,0,0,"tech.3","tech.1","tech.4"
79,2011,8.4,10.7,-11.7,26.1,0,0,0,"tech.4","tech.1","tech.2"
80,2011,23.2,2,-11.7,26.1,0,0,0,"tech.4","tech.1","tech.4"
81,2011,14.8,6.5,-11.7,26.1,0,0,0,"tech.2","tech.1","tech.1"
82,2011,17.8,5.9,-11.7,26.1,0,0,0,"tech.4","tech.4","tech.2"
83,2011,22.8,1.8,-11.7,26.1,0,0,0,"tech.3","tech.4","tech.4"
84,2011,5.8,9,-11.7,26.1,1,1,0,"tech.2","tech.1","tech.4"
85,2011,15.5,3,-11.7,26.1,0,0,0,"tech.4","tech.3","tech.4"
86,2011,2.9,2.6,-11.7,26.1,0,0,0,"tech.4","tech.2","tech.3"
87,2011,11.3,2.9,-11.7,26.1,0,0,0,"tech.4","tech.3","tech.4"
88,2011,18.3,6.3,-11.7,26.1,0,0,0,"tech.4","tech.2","tech.4"
89,2011,12.9,0.1,-11.7,26.1,0,0,0,"tech.3","tech.4","tech.3"
90,2011,2.5,0.5,-11.7,26.1,0,0,1,"tech.1","tech.4","tech.4"
91,2011,10.9,3,-11.7,26.1,0,0,0,"tech.2","tech.1","tech.4"
92,2011,19.5,5,-11.7,26.1,0,0,0,"tech.4","tech.4","tech.4"
93,2011,9.5,6.5,-11.7,26.1,0,0,0,"tech.1","tech.2","tech.3"
94,2011,4.7,2.7,-11.7,26.1,0,0,0,"tech.4","tech.4","tech.1"
95,2011,16.1,5,-11.7,26.1,0,0,0,"tech.1","tech.1","tech.4"
96,2011,13.1,11.3,-11.7,26.1,0,0,0,"tech.1","tech.2","tech.4"
97,2011,10.3,13.5,-11.7,26.1,0,0,1,"tech.3","tech.2","tech.2"
98,2011,12.3,6.2,-11.7,26.1,0,0,0,"tech.4","tech.2","tech.1"
99,2011,28.2,0.9,-11.7,26.1,0,0,0,"tech.1","tech.4","tech.1"
100,2011,29.8,6.4,-11.7,26.1,0,0,0,"tech.4","tech.2","tech.1"
1,2012,11.25,4.1,-4.4,33.9,0,0,0,"tech.3","tech.1","tech.2"
2,2012,11.2,4.75,-4.4,33.9,1,0,1,"tech.3","tech.4","tech.1"
3,2012,10.9,21.3,-4.4,33.9,0,0,0,"tech.1","tech.3","tech.4"
4,2012,14,3.1,-4.4,33.9,0,0,0,"tech.4","tech.3","tech.4"
5,2012,13.05,2.6,-4.4,33.9,1,0,0,"tech.3","tech.1","tech.3"
6,2012,27.45,3.2,-4.4,33.9,0,0,0,"tech.4","tech.4","tech.3"
7,2012,17,5.9,-4.4,33.9,0,0,0,"tech.1","tech.1","tech.1"
8,2012,9.55,4.35,-4.4,33.9,1,1,0,"tech.1","tech.1","tech.3"
9,2012,18,1.75,-4.4,33.9,0,0,0,"tech.2","tech.4","tech.3"
10,2012,6.95,2.35,-4.4,33.9,0,1,0,"tech.3","tech.1","tech.1"
11,2012,1.65,5.15,-4.4,33.9,1,0,0,"tech.1","tech.4","tech.4"
12,2012,13.2,14.25,-4.4,33.9,1,0,1,"tech.1","tech.2","tech.1"
13,2012,14.45,14.95,-4.4,33.9,0,0,0,"tech.4","tech.3","tech.3"
14,2012,14.35,10.15,-4.4,33.9,0,0,0,"tech.2","tech.4","tech.4"
15,2012,16.35,5.8,-4.4,33.9,0,0,0,"tech.4","tech.4","tech.4"
16,2012,9.8,1.5,-4.4,33.9,0,0,0,"tech.2","tech.4","tech.2"
17,2012,11.55,5.2,-4.4,33.9,0,0,0,"tech.3","tech.2","tech.1"
18,2012,12.8,3.9,-4.4,33.9,0,1,1,"tech.3","tech.2","tech.1"
19,2012,13.65,2.95,-4.4,33.9,0,0,0,"tech.1","tech.3","tech.1"
20,2012,13.55,1.05,-4.4,33.9,0,0,0,"tech.4","tech.3","tech.3"
21,2012,9.1,5.1,-4.4,33.9,1,0,0,"tech.3","tech.3","tech.3"
22,2012,2.7,0,-4.4,33.9,0,0,0,"tech.4","tech.1","tech.1"
23,2012,9.65,4.6,-4.4,33.9,0,0,0,"tech.4","tech.1","tech.3"
24,2012,12.4,1.95,-4.4,33.9,0,0,0,"tech.1","tech.3","tech.3"
25,2012,16.2,9.3,-4.4,33.9,1,0,1,"tech.1","tech.3","tech.3"
26,2012,11.7,4.05,-4.4,33.9,0,0,0,"tech.3","tech.4","tech.4"
27,2012,14.65,1.65,-4.4,33.9,1,0,0,"tech.2","tech.2","tech.4"
28,2012,9.45,3.75,-4.4,33.9,1,0,0,"tech.3","tech.4","tech.3"
29,2012,13.2,0.7,-4.4,33.9,0,0,0,"tech.1","tech.1","tech.3"
30,2012,10.65,1.4,-4.4,33.9,0,0,1,"tech.3","tech.3","tech.3"
31,2012,11.9,9.65,-4.4,33.9,0,0,0,"tech.3","tech.2","tech.3"
32,2012,5.5,1.1,-4.4,33.9,0,0,1,"tech.3","tech.3","tech.1"
33,2012,11.45,11.9,-4.4,33.9,0,0,0,"tech.3","tech.2","tech.2"
34,2012,16.05,4.5,-4.4,33.9,0,0,0,"tech.2","tech.3","tech.2"
35,2012,26.3,0.95,-4.4,33.9,0,0,0,"tech.2","tech.2","tech.3"
36,2012,3.7,3.3,-4.4,33.9,1,0,0,"tech.1","tech.3","tech.4"
37,2012,14.8,1.25,-4.4,33.9,0,0,0,"tech.2","tech.1","tech.2"
38,2012,12.05,0.3,-4.4,33.9,0,0,0,"tech.1","tech.4","tech.1"
39,2012,12.7,0.8,-4.4,33.9,0,0,0,"tech.1","tech.2","tech.1"
40,2012,6.3,6.95,-4.4,33.9,0,0,0,"tech.4","tech.3","tech.1"
41,2012,14.35,9,-4.4,33.9,0,0,0,"tech.1","tech.2","tech.2"
42,2012,10.8,4,-4.4,33.9,1,1,1,"tech.3","tech.1","tech.2"
43,2012,7.2,1.55,-4.4,33.9,1,0,1,"tech.2","tech.1","tech.2"
44,2012,11.45,8.6,-4.4,33.9,0,0,0,"tech.3","tech.4","tech.4"
45,2012,4.4,3,-4.4,33.9,0,1,1,"tech.3","tech.2","tech.1"
46,2012,7.6,1.55,-4.4,33.9,1,0,0,"tech.1","tech.3","tech.3"
47,2012,14.1,2.6,-4.4,33.9,0,0,0,"tech.3","tech.3","tech.4"
48,2012,10.5,1.95,-4.4,33.9,0,0,0,"tech.4","tech.4","tech.4"
49,2012,12.2,9.1,-4.4,33.9,1,0,0,"tech.1","tech.2","tech.4"
50,2012,14.3,4.2,-4.4,33.9,0,0,0,"tech.3","tech.2","tech.3"
51,2012,20.75,2.75,-4.4,33.9,0,0,0,"tech.1","tech.4","tech.3"
52,2012,11.1,2.95,-4.4,33.9,0,0,0,"tech.3","tech.4","tech.2"
53,2012,14.05,2.55,-4.4,33.9,0,0,0,"tech.2","tech.3","tech.2"
54,2012,14.4,6.9,-4.4,33.9,1,1,0,"tech.1","tech.2","tech.2"
55,2012,16.7,0.1,-4.4,33.9,0,0,0,"tech.1","tech.1","tech.2"
56,2012,14.4,2.7,-4.4,33.9,0,0,0,"tech.4","tech.1","tech.2"
57,2012,9.4,3.15,-4.4,33.9,0,0,0,"tech.2","tech.1","tech.4"
58,2012,11.4,3.6,-4.4,33.9,0,0,0,"tech.2","tech.2","tech.4"
59,2012,16.45,1.1,-4.4,33.9,0,0,0,"tech.3","tech.1","tech.2"
60,2012,8.8,3.85,-4.4,33.9,1,0,0,"tech.1","tech.4","tech.4"
61,2012,11.1,0.15,-4.4,33.9,0,0,0,"tech.1","tech.1","tech.1"
62,2012,18.2,0.65,-4.4,33.9,0,0,0,"tech.3","tech.3","tech.3"
63,2012,25.7,2.45,-4.4,33.9,0,0,0,"tech.1","tech.1","tech.4"
64,2012,4.95,0,-4.4,33.9,0,0,0,"tech.3","tech.4","tech.2"
65,2012,15.3,1.45,-4.4,33.9,0,0,0,"tech.4","tech.2","tech.3"
66,2012,11.8,6.15,-4.4,33.9,0,0,0,"tech.3","tech.3","tech.4"
67,2012,3.2,0,-4.4,33.9,0,0,0,"tech.1","tech.4","tech.4"
68,2012,13.4,5.6,-4.4,33.9,1,0,0,"tech.1","tech.3","tech.1"
69,2012,15.15,7.85,-4.4,33.9,0,0,0,"tech.4","tech.4","tech.2"
70,2012,8.6,6.75,-4.4,33.9,0,0,0,"tech.2","tech.3","tech.3"
71,2012,9.85,9.1,-4.4,33.9,1,0,0,"tech.3","tech.1","tech.2"
72,2012,13.2,4.9,-4.4,33.9,0,1,0,"tech.1","tech.1","tech.3"
73,2012,10.9,9.8,-4.4,33.9,1,1,0,"tech.2","tech.3","tech.2"
74,2012,12.45,6.85,-4.4,33.9,0,0,0,"tech.3","tech.1","tech.2"
75,2012,11.75,10.75,-4.4,33.9,1,0,0,"tech.1","tech.4","tech.1"
76,2012,14.3,3.05,-4.4,33.9,0,0,1,"tech.4","tech.2","tech.1"
77,2012,10.4,2.45,-4.4,33.9,0,0,0,"tech.4","tech.2","tech.2"
78,2012,25.95,2.05,-4.4,33.9,0,0,0,"tech.1","tech.2","tech.3"
79,2012,9.8,11.65,-4.4,33.9,0,0,1,"tech.3","tech.3","tech.3"
80,2012,18.4,4.1,-4.4,33.9,0,0,0,"tech.1","tech.3","tech.3"
81,2012,11.7,5.45,-4.4,33.9,0,0,0,"tech.4","tech.3","tech.3"
82,2012,17.9,5.85,-4.4,33.9,0,0,0,"tech.3","tech.1","tech.3"
83,2012,15.1,1.2,-4.4,33.9,0,1,0,"tech.4","tech.4","tech.3"
84,2012,4.7,9.85,-4.4,33.9,0,0,0,"tech.4","tech.1","tech.1"
85,2012,13.5,2.5,-4.4,33.9,0,0,0,"tech.4","tech.4","tech.1"
86,2012,2.4,2.7,-4.4,33.9,0,0,0,"tech.4","tech.1","tech.3"
87,2012,10.45,2.4,-4.4,33.9,0,0,0,"tech.4","tech.2","tech.3"
88,2012,18.6,5.1,-4.4,33.9,0,0,0,"tech.3","tech.2","tech.1"
89,2012,12.3,0.05,-4.4,33.9,0,0,0,"tech.2","tech.3","tech.4"
90,2012,2.3,0.25,-4.4,33.9,0,0,0,"tech.4","tech.2","tech.2"
91,2012,9.8,2.25,-4.4,33.9,0,0,0,"tech.1","tech.1","tech.2"
92,2012,16.5,3.4,-4.4,33.9,0,0,0,"tech.1","tech.1","tech.1"
93,2012,8.6,6.1,-4.4,33.9,0,0,1,"tech.3","tech.1","tech.4"
94,2012,3.7,2.65,-4.4,33.9,0,0,1,"tech.4","tech.3","tech.4"
95,2012,14.6,4.15,-4.4,33.9,0,0,0,"tech.4","tech.1","tech.2"
96,2012,13.6,11.15,-4.4,33.9,0,1,0,"tech.2","tech.1","tech.3"
97,2012,12.4,12.95,-4.4,33.9,0,0,0,"tech.3","tech.1","tech.2"
98,2012,11.95,5.6,-4.4,33.9,0,0,1,"tech.4","tech.4","tech.1"
99,2012,24.1,0.65,-4.4,33.9,0,0,0,"tech.1","tech.4","tech.2"
100,2012,20.25,3.95,-4.4,33.9,0,0,0,"tech.4","tech.3","tech.4"
1,2013,10.8,2.9,-4.4,35,0,0,0,"tech.4","tech.4","tech.1"
2,2013,8.6,0.2,-4.4,35,0,1,1,"tech.2","tech.1","tech.3"
3,2013,10.4,21.3,-4.4,35,1,0,0,"tech.1","tech.2","tech.1"
4,2013,10.5,1.8,-4.4,35,0,0,0,"tech.1","tech.3","tech.4"
5,2013,14.2,1.7,-4.4,35,0,0,0,"tech.3","tech.3","tech.3"
6,2013,30.2,2.5,-4.4,35,0,0,0,"tech.2","tech.2","tech.3"
7,2013,18.8,7.1,-4.4,35,0,0,0,"tech.2","tech.4","tech.3"
8,2013,7.6,3.8,-4.4,35,0,0,0,"tech.2","tech.2","tech.1"
9,2013,16.2,0.3,-4.4,35,0,0,0,"tech.3","tech.2","tech.1"
10,2013,6.6,2.4,-4.4,35,0,0,1,"tech.3","tech.1","tech.1"
11,2013,1.7,5.2,-4.4,35,1,1,0,"tech.1","tech.1","tech.4"
12,2013,13.4,14,-4.4,35,0,1,0,"tech.3","tech.1","tech.1"
13,2013,12.8,15.3,-4.4,35,0,1,1,"tech.4","tech.2","tech.1"
14,2013,12.7,9.4,-4.4,35,0,0,0,"tech.3","tech.2","tech.3"
15,2013,14,5.9,-4.4,35,0,0,0,"tech.1","tech.3","tech.4"
16,2013,10.1,0.5,-4.4,35,0,0,0,"tech.2","tech.2","tech.4"
17,2013,10.5,5.4,-4.4,35,0,0,0,"tech.2","tech.1","tech.4"
18,2013,11.5,4.6,-4.4,35,0,0,0,"tech.4","tech.2","tech.2"
19,2013,10.3,2.3,-4.4,35,0,0,0,"tech.3","tech.1","tech.3"
20,2013,13.2,0.9,-4.4,35,0,0,0,"tech.1","tech.1","tech.3"
21,2013,10.1,4.8,-4.4,35,0,0,0,"tech.3","tech.2","tech.4"
22,2013,4.2,0,-4.4,35,1,0,0,"tech.1","tech.1","tech.2"
23,2013,11,4,-4.4,35,0,0,0,"tech.3","tech.1","tech.4"
24,2013,9.5,1.1,-4.4,35,0,0,0,"tech.3","tech.4","tech.4"
25,2013,15.5,8.9,-4.4,35,0,0,0,"tech.3","tech.4","tech.3"
26,2013,10.6,3.8,-4.4,35,0,0,0,"tech.2","tech.4","tech.3"
27,2013,11.2,1.3,-4.4,35,0,0,0,"tech.3","tech.4","tech.3"
28,2013,8.5,3.4,-4.4,35,1,1,0,"tech.1","tech.2","tech.3"
29,2013,11.5,0.5,-4.4,35,0,0,0,"tech.3","tech.2","tech.3"
30,2013,11.3,1.5,-4.4,35,0,1,0,"tech.4","tech.1","tech.4"
31,2013,7.6,3.7,-4.4,35,0,0,0,"tech.1","tech.4","tech.1"
32,2013,2.9,0.7,-4.4,35,0,0,0,"tech.4","tech.3","tech.3"
33,2013,10.7,11.8,-4.4,35,0,1,0,"tech.1","tech.3","tech.4"
34,2013,14.6,3.5,-4.4,35,0,0,0,"tech.4","tech.1","tech.4"
35,2013,26,0.3,-4.4,35,0,0,0,"tech.4","tech.2","tech.3"
36,2013,3.7,2.3,-4.4,35,0,0,0,"tech.3","tech.3","tech.2"
37,2013,13.5,2.4,-4.4,35,0,0,0,"tech.2","tech.2","tech.3"
38,2013,12.8,0.1,-4.4,35,0,0,0,"tech.3","tech.2","tech.2"
39,2013,12.6,0,-4.4,35,0,0,0,"tech.2","tech.4","tech.2"
40,2013,1.4,0,-4.4,35,0,0,0,"tech.2","tech.1","tech.2"
41,2013,10,8.3,-4.4,35,0,0,0,"tech.2","tech.3","tech.3"
42,2013,10.5,3.4,-4.4,35,0,0,0,"tech.2","tech.3","tech.4"
43,2013,5.4,1.2,-4.4,35,0,1,1,"tech.3","tech.2","tech.2"
44,2013,9.7,8.5,-4.4,35,0,0,0,"tech.4","tech.4","tech.4"
45,2013,2.1,2.7,-4.4,35,0,0,0,"tech.3","tech.3","tech.1"
46,2013,6.1,0.8,-4.4,35,1,0,0,"tech.1","tech.3","tech.4"
47,2013,14.3,1.5,-4.4,35,0,0,0,"tech.3","tech.4","tech.4"
48,2013,8.9,2.4,-4.4,35,0,0,0,"tech.2","tech.3","tech.1"
49,2013,6.3,0.1,-4.4,35,0,0,0,"tech.1","tech.4","tech.1"
50,2013,10.7,3.5,-4.4,35,1,1,1,"tech.2","tech.4","tech.1"
51,2013,22.8,2.1,-4.4,35,0,0,0,"tech.2","tech.1","tech.4"
52,2013,8.5,1.7,-4.4,35,0,0,0,"tech.4","tech.2","tech.1"
53,2013,11,1.7,-4.4,35,0,0,0,"tech.2","tech.2","tech.1"
54,2013,12.3,6.7,-4.4,35,0,0,0,"tech.3","tech.1","tech.2"
55,2013,11.4,0,-4.4,35,0,1,0,"tech.2","tech.1","tech.4"
56,2013,10.8,2.6,-4.4,35,0,0,0,"tech.4","tech.4","tech.2"
57,2013,7.4,2.3,-4.4,35,0,0,0,"tech.1","tech.2","tech.2"
58,2013,7.2,2.3,-4.4,35,0,0,0,"tech.2","tech.1","tech.3"
59,2013,12.2,0.8,-4.4,35,0,0,0,"tech.3","tech.3","tech.4"
60,2013,7,3.5,-4.4,35,0,0,0,"tech.4","tech.3","tech.3"
61,2013,8.7,0.1,-4.4,35,0,0,0,"tech.2","tech.2","tech.1"
62,2013,18.9,0.4,-4.4,35,0,0,0,"tech.1","tech.4","tech.3"
63,2013,26.3,1.5,-4.4,35,0,0,0,"tech.2","tech.4","tech.4"
64,2013,9.7,0,-4.4,35,0,0,0,"tech.4","tech.4","tech.1"
65,2013,13.7,0.2,-4.4,35,0,0,0,"tech.3","tech.2","tech.3"
66,2013,11.3,5.7,-4.4,35,0,0,0,"tech.3","tech.4","tech.2"
67,2013,6.3,0,-4.4,35,0,0,0,"tech.2","tech.3","tech.1"
68,2013,10.9,5.2,-4.4,35,0,0,0,"tech.2","tech.2","tech.2"
69,2013,13,0,-4.4,35,0,0,0,"tech.4","tech.4","tech.4"
70,2013,9.5,6.9,-4.4,35,0,0,0,"tech.2","tech.3","tech.3"
71,2013,9.9,9.2,-4.4,35,1,0,0,"tech.1","tech.2","tech.1"
72,2013,10.4,1.2,-4.4,35,0,0,0,"tech.2","tech.3","tech.2"
73,2013,9.5,8.9,-4.4,35,0,0,0,"tech.1","tech.1","tech.1"
74,2013,9.9,5.9,-4.4,35,0,0,0,"tech.1","tech.4","tech.4"
75,2013,11.4,10.8,-4.4,35,0,1,1,"tech.1","tech.3","tech.3"
76,2013,14.9,2.5,-4.4,35,0,0,0,"tech.2","tech.2","tech.1"
77,2013,6.5,1.8,-4.4,35,0,0,0,"tech.1","tech.1","tech.2"
78,2013,25.1,0.2,-4.4,35,0,0,0,"tech.4","tech.2","tech.4"
79,2013,11.2,12.6,-4.4,35,1,1,0,"tech.1","tech.3","tech.4"
80,2013,13.6,6.2,-4.4,35,1,0,1,"tech.1","tech.1","tech.1"
81,2013,8.6,4.4,-4.4,35,0,0,0,"tech.2","tech.3","tech.4"
82,2013,18,5.8,-4.4,35,0,0,0,"tech.1","tech.1","tech.2"
83,2013,7.4,0.6,-4.4,35,0,0,0,"tech.2","tech.3","tech.1"
84,2013,3.6,10.7,-4.4,35,0,0,0,"tech.2","tech.3","tech.4"
85,2013,11.5,2,-4.4,35,0,0,0,"tech.2","tech.4","tech.4"
86,2013,1.9,2.8,-4.4,35,0,0,0,"tech.3","tech.1","tech.2"
87,2013,9.6,1.9,-4.4,35,0,0,0,"tech.3","tech.1","tech.4"
88,2013,18.9,3.9,-4.4,35,0,0,0,"tech.4","tech.1","tech.1"
89,2013,11.7,0,-4.4,35,0,0,0,"tech.3","tech.2","tech.1"
90,2013,2.1,0,-4.4,35,0,0,0,"tech.4","tech.1","tech.3"
91,2013,8.7,1.5,-4.4,35,0,0,0,"tech.4","tech.1","tech.2"
92,2013,13.5,1.8,-4.4,35,0,0,0,"tech.1","tech.2","tech.1"
93,2013,7.7,5.7,-4.4,35,0,0,0,"tech.1","tech.4","tech.3"
94,2013,2.7,2.6,-4.4,35,0,0,0,"tech.1","tech.3","tech.3"
95,2013,13.1,3.3,-4.4,35,0,0,0,"tech.2","tech.3","tech.1"
96,2013,14.1,11,-4.4,35,0,0,1,"tech.1","tech.4","tech.1"
97,2013,14.5,12.4,-4.4,35,1,0,1,"tech.1","tech.2","tech.1"
98,2013,11.6,5,-4.4,35,0,0,1,"tech.2","tech.3","tech.1"
99,2013,20,0.4,-4.4,35,0,0,0,"tech.3","tech.3","tech.4"
100,2013,10.7,1.5,-4.4,35,0,0,0,"tech.4","tech.2","tech.4"
1,2014,4.5,1.8,-6.7,35,0,0,0,"tech.4","tech.2","tech.3"
2,2014,23.6,1.2,-6.7,35,1,1,0,"tech.1","tech.3","tech.2"
3,2014,11.5,21.5,-6.7,35,0,0,0,"tech.4","tech.4","tech.2"
4,2014,11.7,1.1,-6.7,35,0,0,0,"tech.3","tech.3","tech.4"
5,2014,10.9,1.3,-6.7,35,0,0,0,"tech.1","tech.1","tech.1"
6,2014,31.3,2.4,-6.7,35,0,0,0,"tech.2","tech.3","tech.1"
7,2014,20.3,7.1,-6.7,35,0,0,0,"tech.1","tech.3","tech.1"
8,2014,9.4,3.6,-6.7,35,1,0,0,"tech.1","tech.2","tech.4"
9,2014,19.8,0,-6.7,35,0,1,0,"tech.1","tech.2","tech.4"
10,2014,6.5,2.4,-6.7,35,1,0,0,"tech.3","tech.4","tech.3"
11,2014,2.3,5.2,-6.7,35,0,0,0,"tech.2","tech.1","tech.2"
12,2014,12.7,14,-6.7,35,0,0,0,"tech.3","tech.1","tech.1"
13,2014,11.7,15.3,-6.7,35,0,1,0,"tech.1","tech.1","tech.4"
14,2014,8.1,8.8,-6.7,35,1,0,0,"tech.1","tech.4","tech.3"
15,2014,18.9,5.7,-6.7,35,0,0,0,"tech.4","tech.3","tech.2"
16,2014,9.8,0.4,-6.7,35,0,0,0,"tech.2","tech.3","tech.2"
17,2014,12.9,5.2,-6.7,35,0,0,0,"tech.4","tech.1","tech.4"
18,2014,10.3,4.6,-6.7,35,1,1,0,"tech.3","tech.2","tech.1"
19,2014,10.2,1.7,-6.7,35,0,1,0,"tech.4","tech.3","tech.2"
20,2014,10.9,0.9,-6.7,35,0,0,0,"tech.2","tech.1","tech.1"
21,2014,10.6,4.8,-6.7,35,0,1,0,"tech.2","tech.3","tech.1"
22,2014,5.2,0,-6.7,35,0,0,1,"tech.2","tech.2","tech.1"
23,2014,11.5,4.3,-6.7,35,0,0,0,"tech.3","tech.2","tech.1"
24,2014,18.1,1,-6.7,35,0,0,0,"tech.4","tech.3","tech.4"
25,2014,18,8.6,-6.7,35,0,0,0,"tech.3","tech.3","tech.1"
26,2014,10,3.8,-6.7,35,0,0,0,"tech.1","tech.2","tech.4"
27,2014,17.9,0.9,-6.7,35,0,0,0,"tech.4","tech.3","tech.3"
28,2014,9.2,3.5,-6.7,35,1,0,1,"tech.1","tech.4","tech.1"
29,2014,13.1,0.4,-6.7,35,0,0,0,"tech.4","tech.3","tech.1"
30,2014,7,1.5,-6.7,35,0,1,0,"tech.4","tech.1","tech.4"
31,2014,15.5,4.9,-6.7,35,0,0,1,"tech.4","tech.3","tech.1"
32,2014,4,0.7,-6.7,35,1,1,0,"tech.2","tech.1","tech.4"
33,2014,11.2,11.7,-6.7,35,0,0,1,"tech.3","tech.3","tech.2"
34,2014,23.9,3.3,-6.7,35,0,0,0,"tech.2","tech.2","tech.2"
35,2014,27.6,0.2,-6.7,35,0,0,0,"tech.2","tech.1","tech.4"
36,2014,6.3,2.3,-6.7,35,0,0,1,"tech.3","tech.2","tech.3"
37,2014,2.4,2.4,-6.7,35,0,0,0,"tech.2","tech.1","tech.3"
38,2014,12.6,0.1,-6.7,35,0,0,0,"tech.1","tech.1","tech.2"
39,2014,14.2,0,-6.7,35,0,0,0,"tech.1","tech.3","tech.1"
40,2014,20,0,-6.7,35,1,1,1,"tech.4","tech.1","tech.1"
41,2014,17.9,8.3,-6.7,35,0,0,0,"tech.2","tech.2","tech.3"
42,2014,8.3,3.1,-6.7,35,0,1,1,"tech.3","tech.2","tech.3"
43,2014,4.6,1,-6.7,35,0,0,1,"tech.4","tech.3","tech.2"
44,2014,9.9,8.5,-6.7,35,0,0,0,"tech.3","tech.1","tech.1"
45,2014,2.5,2.7,-6.7,35,0,1,0,"tech.4","tech.1","tech.2"
46,2014,6.1,0.8,-6.7,35,1,0,0,"tech.1","tech.1","tech.3"
47,2014,10,1,-6.7,35,0,0,0,"tech.1","tech.1","tech.2"
48,2014,3,2.2,-6.7,35,0,0,0,"tech.1","tech.4","tech.3"
49,2014,26.8,0.8,-6.7,35,0,0,0,"tech.1","tech.3","tech.4"
50,2014,12.3,3.5,-6.7,35,1,0,0,"tech.2","tech.3","tech.3"
51,2014,22.5,2,-6.7,35,0,0,0,"tech.4","tech.2","tech.1"
52,2014,6.7,1.2,-6.7,35,0,0,0,"tech.1","tech.1","tech.1"
53,2014,8.6,1.6,-6.7,35,0,1,1,"tech.4","tech.4","tech.1"
54,2014,12.9,6.5,-6.7,35,0,0,1,"tech.4","tech.3","tech.1"
55,2014,21.7,0.1,-6.7,35,1,0,1,"tech.1","tech.3","tech.3"
56,2014,26.5,2.5,-6.7,35,0,0,0,"tech.3","tech.2","tech.4"
57,2014,8.7,2,-6.7,35,0,0,0,"tech.1","tech.4","tech.2"
58,2014,18.3,1.7,-6.7,35,0,0,0,"tech.2","tech.4","tech.2"
59,2014,17.4,0.7,-6.7,35,0,0,0,"tech.3","tech.2","tech.1"
60,2014,8.8,3.6,-6.7,35,0,1,1,"tech.3","tech.1","tech.3"
61,2014,7.1,0.1,-6.7,35,0,0,0,"tech.1","tech.4","tech.2"
62,2014,18.7,0.4,-6.7,35,0,0,1,"tech.3","tech.4","tech.2"
63,2014,25.3,1.4,-6.7,35,0,0,0,"tech.1","tech.4","tech.4"
64,2014,5.8,0.1,-6.7,35,0,0,0,"tech.4","tech.1","tech.3"
65,2014,16.7,0.1,-6.7,35,1,0,1,"tech.2","tech.4","tech.3"
66,2014,9.1,5.4,-6.7,35,0,0,1,"tech.3","tech.3","tech.1"
67,2014,8.5,0,-6.7,35,0,0,0,"tech.2","tech.2","tech.4"
68,2014,15.4,4.4,-6.7,35,0,0,0,"tech.3","tech.4","tech.4"
69,2014,6.8,0.5,-6.7,35,0,0,0,"tech.3","tech.3","tech.4"
70,2014,6.5,6.8,-6.7,35,1,0,0,"tech.2","tech.3","tech.4"
71,2014,10.3,9.2,-6.7,35,0,1,0,"tech.4","tech.3","tech.4"
72,2014,11.2,0.9,-6.7,35,0,0,0,"tech.3","tech.3","tech.3"
73,2014,5.9,8.4,-6.7,35,0,1,0,"tech.3","tech.3","tech.2"
74,2014,10.7,4.9,-6.7,35,0,1,0,"tech.4","tech.2","tech.4"
75,2014,11.4,10.8,-6.7,35,0,0,0,"tech.1","tech.4","tech.2"
76,2014,15.1,2.5,-6.7,35,0,0,0,"tech.3","tech.3","tech.1"
77,2014,8.9,1.4,-6.7,35,0,0,0,"tech.1","tech.2","tech.2"
78,2014,34.1,0.2,-6.7,35,0,0,0,"tech.4","tech.4","tech.1"
79,2014,12.4,13.1,-6.7,35,0,0,0,"tech.3","tech.2","tech.2"
80,2014,5.5,6.2,-6.7,35,0,0,0,"tech.3","tech.3","tech.2"
81,2014,9.4,3.7,-6.7,35,0,0,0,"tech.4","tech.2","tech.1"
82,2014,18.3,5.8,-6.7,35,0,0,0,"tech.3","tech.1","tech.1"
83,2014,27.4,0.6,-6.7,35,0,0,0,"tech.4","tech.3","tech.1"
84,2014,3.5,10.6,-6.7,35,0,0,0,"tech.4","tech.4","tech.3"
85,2014,14.9,1.7,-6.7,35,0,0,0,"tech.3","tech.1","tech.3"
86,2014,4.3,2.8,-6.7,35,0,0,0,"tech.4","tech.4","tech.3"
87,2014,9,1.9,-6.7,35,0,1,0,"tech.1","tech.3","tech.3"
88,2014,27.2,3.5,-6.7,35,0,0,0,"tech.2","tech.4","tech.3"
89,2014,19.8,1.8,-6.7,35,0,0,0,"tech.4","tech.1","tech.3"
90,2014,6.3,0,-6.7,35,0,0,1,"tech.3","tech.2","tech.1"
91,2014,7.9,1.3,-6.7,35,0,0,0,"tech.1","tech.1","tech.3"
92,2014,17.7,1.2,-6.7,35,0,0,0,"tech.4","tech.1","tech.4"
93,2014,8,5.6,-6.7,35,0,0,0,"tech.1","tech.3","tech.4"
94,2014,2.3,2.6,-6.7,35,1,0,0,"tech.2","tech.4","tech.2"
95,2014,7.9,3.3,-6.7,35,0,0,0,"tech.2","tech.1","tech.3"
96,2014,14.2,11,-6.7,35,0,0,0,"tech.3","tech.3","tech.2"
97,2014,14.1,12.4,-6.7,35,0,0,0,"tech.2","tech.1","tech.1"
98,2014,8.5,4.8,-6.7,35,1,1,0,"tech.3","tech.3","tech.4"
99,2014,25.2,0.4,-6.7,35,0,0,0,"tech.1","tech.4","tech.4"
100,2014,15.6,3.1,-6.7,35,1,0,0,"tech.3","tech.1","tech.4"
1,2015,13.9,2,-6.7,31.1,0,0,0,"tech.1","tech.2","tech.1"
2,2015,12.2,0.9,-6.7,31.1,0,0,0,"tech.4","tech.3","tech.4"
3,2015,11.8,20.6,-6.7,31.1,0,0,0,"tech.3","tech.1","tech.4"
4,2015,16.8,0.6,-6.7,31.1,0,0,0,"tech.2","tech.4","tech.4"
5,2015,12,1.1,-6.7,31.1,0,0,0,"tech.2","tech.2","tech.1"
6,2015,29,2.4,-6.7,31.1,0,0,0,"tech.3","tech.2","tech.4"
7,2015,8.9,0,-6.7,31.1,0,0,0,"tech.3","tech.4","tech.3"
8,2015,8.3,2.8,-6.7,31.1,1,0,0,"tech.1","tech.2","tech.4"
9,2015,15.4,0.3,-6.7,31.1,0,0,0,"tech.4","tech.2","tech.1"
10,2015,10.1,2.2,-6.7,31.1,1,0,0,"tech.1","tech.1","tech.1"
11,2015,3.7,5,-6.7,31.1,1,0,1,"tech.1","tech.2","tech.1"
12,2015,13.3,13.3,-6.7,31.1,0,0,0,"tech.2","tech.4","tech.3"
13,2015,10.7,0,-6.7,31.1,0,0,0,"tech.2","tech.1","tech.1"
14,2015,11.2,8.3,-6.7,31.1,1,1,1,"tech.2","tech.1","tech.1"
15,2015,16.3,5.7,-6.7,31.1,0,0,1,"tech.1","tech.3","tech.3"
16,2015,5.4,0.3,-6.7,31.1,0,0,0,"tech.4","tech.1","tech.2"
17,2015,14.8,4.7,-6.7,31.1,0,1,1,"tech.1","tech.2","tech.1"
18,2015,9.3,4.4,-6.7,31.1,1,1,1,"tech.1","tech.1","tech.3"
19,2015,11.1,1.1,-6.7,31.1,0,0,0,"tech.4","tech.2","tech.2"
20,2015,6.4,0.9,-6.7,31.1,0,0,0,"tech.4","tech.4","tech.4"
21,2015,8.7,4.5,-6.7,31.1,0,1,0,"tech.2","tech.3","tech.1"
22,2015,4.5,0,-6.7,31.1,0,1,0,"tech.2","tech.2","tech.3"
23,2015,10.6,4,-6.7,31.1,0,0,0,"tech.1","tech.2","tech.1"
24,2015,16.7,0.8,-6.7,31.1,0,0,0,"tech.3","tech.1","tech.2"
25,2015,14,7.9,-6.7,31.1,0,0,0,"tech.3","tech.3","tech.2"
26,2015,12.9,3.5,-6.7,31.1,0,0,0,"tech.3","tech.4","tech.2"
27,2015,17.9,0.9,-6.7,31.1,0,0,0,"tech.2","tech.3","tech.1"
28,2015,10.2,3.4,-6.7,31.1,1,0,0,"tech.1","tech.3","tech.1"
29,2015,9.2,0.5,-6.7,31.1,0,0,0,"tech.3","tech.4","tech.3"
30,2015,6.5,1.4,-6.7,31.1,0,1,1,"tech.1","tech.1","tech.2"
31,2015,13.6,4.4,-6.7,31.1,0,0,0,"tech.3","tech.2","tech.1"
32,2015,6.7,0.6,-6.7,31.1,1,1,0,"tech.1","tech.1","tech.3"
33,2015,11.8,11.7,-6.7,31.1,0,0,1,"tech.4","tech.1","tech.3"
34,2015,13.7,3.3,-6.7,31.1,0,0,0,"tech.2","tech.3","tech.1"
35,2015,26.9,0.2,-6.7,31.1,0,0,0,"tech.3","tech.3","tech.3"
36,2015,1.2,1.9,-6.7,31.1,0,0,0,"tech.3","tech.4","tech.2"
37,2015,12.9,2.4,-6.7,31.1,0,0,0,"tech.1","tech.2","tech.1"
38,2015,10,0.1,-6.7,31.1,0,0,0,"tech.3","tech.4","tech.3"
39,2015,10.8,0,-6.7,31.1,0,0,0,"tech.4","tech.1","tech.4"
40,2015,6.9,0,-6.7,31.1,0,0,0,"tech.2","tech.1","tech.3"
41,2015,16.1,7.3,-6.7,31.1,0,0,0,"tech.4","tech.2","tech.1"
42,2015,9.1,3.4,-6.7,31.1,0,0,1,"tech.2","tech.4","tech.1"
43,2015,5,0.9,-6.7,31.1,0,0,0,"tech.2","tech.2","tech.2"
44,2015,12.3,8.5,-6.7,31.1,0,1,0,"tech.3","tech.2","tech.3"
45,2015,6.7,2.9,-6.7,31.1,0,1,0,"tech.2","tech.1","tech.2"
46,2015,6.6,0.8,-6.7,31.1,0,0,0,"tech.1","tech.1","tech.1"
47,2015,11.1,0.8,-6.7,31.1,0,0,0,"tech.2","tech.3","tech.2"
48,2015,10.6,2.2,-6.7,31.1,0,0,0,"tech.3","tech.2","tech.4"
49,2015,11,0.6,-6.7,31.1,0,0,0,"tech.2","tech.4","tech.2"
50,2015,18.6,3.6,-6.7,31.1,1,0,0,"tech.2","tech.1","tech.4"
51,2015,21.7,2.1,-6.7,31.1,0,0,0,"tech.1","tech.3","tech.4"
52,2015,8.7,0.9,-6.7,31.1,0,0,0,"tech.4","tech.4","tech.1"
53,2015,12.3,1.4,-6.7,31.1,0,1,0,"tech.4","tech.4","tech.2"
54,2015,11.7,6.3,-6.7,31.1,1,1,0,"tech.3","tech.1","tech.4"
55,2015,13.8,0,-6.7,31.1,0,0,0,"tech.4","tech.3","tech.1"
56,2015,16.6,1.9,-6.7,31.1,0,0,0,"tech.1","tech.4","tech.1"
57,2015,7.1,1.5,-6.7,31.1,0,0,0,"tech.1","tech.2","tech.3"
58,2015,16.6,1.2,-6.7,31.1,0,0,0,"tech.3","tech.2","tech.3"
59,2015,18.9,0.6,-6.7,31.1,0,0,0,"tech.4","tech.2","tech.1"
60,2015,6.3,3.6,-6.7,31.1,1,0,0,"tech.1","tech.2","tech.2"
61,2015,8.7,0,-6.7,31.1,0,0,0,"tech.1","tech.2","tech.3"
62,2015,19.8,0.4,-6.7,31.1,0,0,0,"tech.3","tech.2","tech.4"
63,2015,24.4,1.4,-6.7,31.1,0,0,0,"tech.1","tech.3","tech.1"
64,2015,8.5,0.1,-6.7,31.1,0,0,0,"tech.3","tech.3","tech.3"
65,2015,15.2,0.2,-6.7,31.1,0,0,0,"tech.3","tech.1","tech.3"
66,2015,10.5,5.5,-6.7,31.1,0,0,1,"tech.4","tech.4","tech.3"
67,2015,5.6,0,-6.7,31.1,0,0,0,"tech.4","tech.1","tech.2"
68,2015,16.2,3.5,-6.7,31.1,0,0,0,"tech.1","tech.1","tech.2"
69,2015,12.7,3.6,-6.7,31.1,0,0,0,"tech.4","tech.4","tech.3"
70,2015,6,6.6,-6.7,31.1,1,0,0,"tech.1","tech.3","tech.3"
71,2015,9.1,8.3,-6.7,31.1,0,0,0,"tech.4","tech.3","tech.2"
72,2015,9.3,2.2,-6.7,31.1,0,0,0,"tech.3","tech.4","tech.3"
73,2015,7.2,8.2,-6.7,31.1,1,0,0,"tech.1","tech.2","tech.3"
74,2015,10.9,4.9,-6.7,31.1,0,0,1,"tech.1","tech.2","tech.1"
75,2015,14.4,9.6,-6.7,31.1,0,1,0,"tech.1","tech.3","tech.4"
76,2015,15.2,2.5,-6.7,31.1,0,0,0,"tech.4","tech.3","tech.2"
77,2015,12.8,2.5,-6.7,31.1,0,0,0,"tech.4","tech.2","tech.1"
78,2015,33.1,0.1,-6.7,31.1,0,0,0,"tech.2","tech.1","tech.1"
79,2015,15.2,12.3,-6.7,31.1,0,1,0,"tech.1","tech.1","tech.4"
80,2015,17.5,6,-6.7,31.1,0,0,0,"tech.4","tech.2","tech.3"
81,2015,8.3,3.7,-6.7,31.1,0,0,0,"tech.2","tech.2","tech.1"
82,2015,16.3,5.6,-6.7,31.1,0,0,0,"tech.4","tech.4","tech.4"
83,2015,16.1,0.6,-6.7,31.1,0,0,1,"tech.2","tech.3","tech.2"
84,2015,5.6,10,-6.7,31.1,0,0,0,"tech.1","tech.1","tech.4"
85,2015,12.7,1.5,-6.7,31.1,0,0,0,"tech.1","tech.1","tech.4"
86,2015,4.3,2.6,-6.7,31.1,0,0,0,"tech.1","tech.2","tech.4"
87,2015,12.2,1.7,-6.7,31.1,0,0,1,"tech.2","tech.4","tech.1"
88,2015,25.8,3.7,-6.7,31.1,0,0,0,"tech.2","tech.4","tech.3"
89,2015,15.8,1.8,-6.7,31.1,0,0,0,"tech.2","tech.3","tech.1"
90,2015,2.9,0,-6.7,31.1,0,0,0,"tech.2","tech.2","tech.4"
91,2015,15.1,1.7,-6.7,31.1,0,0,0,"tech.2","tech.3","tech.4"
92,2015,18.5,1.5,-6.7,31.1,0,0,0,"tech.4","tech.4","tech.2"
93,2015,10.6,5.2,-6.7,31.1,1,1,0,"tech.1","tech.1","tech.1"
94,2015,6.1,2.7,-6.7,31.1,0,0,0,"tech.2","tech.3","tech.3"
95,2015,9.6,3.3,-6.7,31.1,0,0,0,"tech.2","tech.2","tech.2"
96,2015,12.7,10.6,-6.7,31.1,0,0,0,"tech.1","tech.2","tech.3"
97,2015,14.7,12,-6.7,31.1,0,1,0,"tech.3","tech.2","tech.3"
98,2015,10.7,5,-6.7,31.1,0,1,0,"tech.4","tech.2","tech.1"
99,2015,22.4,0.3,-6.7,31.1,0,0,0,"tech.3","tech.2","tech.4"
100,2015,12.6,2.3,-6.7,31.1,0,0,0,"tech.4","tech.2","tech.1"
1,2016,15.3,1.1,-5,32.2,0,0,0,"tech.2","tech.2","tech.1"
2,2016,11.4,0.9,-5,32.2,0,0,0,"tech.2","tech.2","tech.3"
3,2016,11.6,21.5,-5,32.2,0,1,0,"tech.1","tech.1","tech.4"
4,2016,17.2,0.2,-5,32.2,0,0,0,"tech.1","tech.4","tech.3"
5,2016,11,0.8,-5,32.2,0,0,0,"tech.3","tech.3","tech.4"
6,2016,27.8,2.1,-5,32.2,0,0,0,"tech.3","tech.3","tech.2"
7,2016,11,0,-5,32.2,0,0,0,"tech.2","tech.3","tech.2"
8,2016,8.4,2.8,-5,32.2,0,1,1,"tech.4","tech.3","tech.4"
9,2016,22.9,0,-5,32.2,0,0,0,"tech.4","tech.4","tech.3"
10,2016,13.2,2.6,-5,32.2,1,1,0,"tech.1","tech.4","tech.2"
11,2016,5.6,4.9,-5,32.2,0,0,1,"tech.3","tech.2","tech.4"
12,2016,13.7,13.4,-5,32.2,1,0,1,"tech.1","tech.4","tech.3"
13,2016,10.8,1.1,-5,32.2,0,0,0,"tech.4","tech.1","tech.4"
14,2016,8.2,7.7,-5,32.2,0,0,0,"tech.1","tech.1","tech.2"
15,2016,16.7,4.8,-5,32.2,0,0,0,"tech.1","tech.1","tech.1"
16,2016,6.2,0.3,-5,32.2,1,0,1,"tech.1","tech.4","tech.2"
17,2016,17.2,3.9,-5,32.2,0,0,0,"tech.2","tech.2","tech.1"
18,2016,12.7,4.5,-5,32.2,0,0,0,"tech.3","tech.4","tech.4"
19,2016,12.6,0.9,-5,32.2,0,0,0,"tech.3","tech.2","tech.4"
20,2016,3,0.5,-5,32.2,0,0,0,"tech.4","tech.2","tech.3"
21,2016,11.8,4.5,-5,32.2,0,0,0,"tech.2","tech.2","tech.2"
22,2016,0.2,0,-5,32.2,1,1,1,"tech.1","tech.1","tech.3"
23,2016,15.2,4.2,-5,32.2,0,0,0,"tech.2","tech.1","tech.1"
24,2016,18.3,0.6,-5,32.2,0,0,0,"tech.2","tech.2","tech.4"
25,2016,17.7,8.4,-5,32.2,0,0,0,"tech.3","tech.2","tech.1"
26,2016,17.3,3.1,-5,32.2,0,0,0,"tech.1","tech.1","tech.1"
27,2016,21.7,0.2,-5,32.2,0,0,0,"tech.1","tech.1","tech.3"
28,2016,11.3,3.5,-5,32.2,0,0,0,"tech.2","tech.3","tech.3"
29,2016,7,0.1,-5,32.2,0,0,0,"tech.2","tech.4","tech.4"
30,2016,4,1.1,-5,32.2,0,0,0,"tech.2","tech.3","tech.4"
31,2016,14.3,6.8,-5,32.2,0,0,0,"tech.3","tech.2","tech.3"
32,2016,8.3,0.8,-5,32.2,0,0,0,"tech.4","tech.3","tech.2"
33,2016,13.2,12.3,-5,32.2,0,0,0,"tech.3","tech.2","tech.3"
34,2016,22,3.9,-5,32.2,0,0,0,"tech.4","tech.3","tech.3"
35,2016,17,0.1,-5,32.2,0,0,0,"tech.1","tech.1","tech.3"
36,2016,0.3,1.4,-5,32.2,1,0,1,"tech.1","tech.1","tech.4"
37,2016,4.5,1.9,-5,32.2,0,0,0,"tech.1","tech.3","tech.2"
38,2016,4.3,0.1,-5,32.2,0,0,0,"tech.2","tech.1","tech.2"
39,2016,7.8,0,-5,32.2,0,0,0,"tech.4","tech.3","tech.4"
40,2016,3.7,0,-5,32.2,0,0,0,"tech.4","tech.1","tech.2"
41,2016,17.9,7.1,-5,32.2,0,0,0,"tech.1","tech.1","tech.2"
42,2016,9.5,3.1,-5,32.2,0,0,0,"tech.4","tech.1","tech.2"
43,2016,6.1,0.7,-5,32.2,0,0,0,"tech.2","tech.3","tech.2"
44,2016,13.6,9.3,-5,32.2,0,0,0,"tech.4","tech.2","tech.1"
45,2016,8.9,3.1,-5,32.2,0,1,0,"tech.4","tech.1","tech.4"
46,2016,8.2,0.8,-5,32.2,0,1,1,"tech.3","tech.1","tech.2"
47,2016,15,1.3,-5,32.2,0,0,0,"tech.4","tech.2","tech.4"
48,2016,4.2,1.7,-5,32.2,0,0,0,"tech.4","tech.2","tech.1"
49,2016,10.7,3.8,-5,32.2,0,0,0,"tech.4","tech.1","tech.2"
50,2016,18.9,2.1,-5,32.2,0,0,0,"tech.4","tech.2","tech.1"
51,2016,21.4,3,-5,32.2,0,0,0,"tech.1","tech.1","tech.3"
52,2016,2.3,0.4,-5,32.2,0,0,0,"tech.3","tech.1","tech.1"
53,2016,16.2,2.1,-5,32.2,0,0,0,"tech.3","tech.1","tech.1"
54,2016,13.8,5.8,-5,32.2,0,0,0,"tech.2","tech.4","tech.2"
55,2016,13.7,0,-5,32.2,0,0,0,"tech.3","tech.1","tech.2"
56,2016,16.6,0.5,-5,32.2,0,0,0,"tech.2","tech.4","tech.3"
57,2016,7.4,1.5,-5,32.2,0,0,0,"tech.1","tech.2","tech.2"
58,2016,19.5,0.7,-5,32.2,0,0,0,"tech.3","tech.2","tech.4"
59,2016,20.5,0.9,-5,32.2,0,0,0,"tech.3","tech.1","tech.4"
60,2016,7.6,3.2,-5,32.2,0,1,0,"tech.4","tech.2","tech.4"
61,2016,10.4,0.1,-5,32.2,0,0,0,"tech.4","tech.3","tech.1"
62,2016,20,0.6,-5,32.2,0,0,0,"tech.2","tech.1","tech.1"
63,2016,22.6,1.3,-5,32.2,0,0,0,"tech.1","tech.4","tech.2"
64,2016,6.3,0,-5,32.2,0,0,0,"tech.4","tech.1","tech.4"
65,2016,22.5,0,-5,32.2,0,0,0,"tech.4","tech.3","tech.1"
66,2016,12.6,6.4,-5,32.2,0,1,1,"tech.1","tech.2","tech.1"
67,2016,2.5,0,-5,32.2,0,0,0,"tech.2","tech.3","tech.2"
68,2016,17.2,3,-5,32.2,1,0,1,"tech.1","tech.3","tech.1"
69,2016,16,3,-5,32.2,0,0,0,"tech.4","tech.2","tech.4"
70,2016,9.7,6,-5,32.2,0,0,0,"tech.3","tech.3","tech.2"
71,2016,8.8,8,-5,32.2,0,0,0,"tech.3","tech.1","tech.4"
72,2016,14.5,2.6,-5,32.2,0,0,1,"tech.3","tech.3","tech.3"
73,2016,12.9,8.6,-5,32.2,0,0,1,"tech.4","tech.2","tech.1"
74,2016,10.8,4.7,-5,32.2,0,0,0,"tech.2","tech.3","tech.4"
75,2016,15.4,9,-5,32.2,0,0,0,"tech.2","tech.3","tech.3"
76,2016,15.7,2.4,-5,32.2,0,0,0,"tech.1","tech.4","tech.1"
77,2016,8.1,2.1,-5,32.2,0,0,0,"tech.1","tech.1","tech.1"
78,2016,29.7,0.1,-5,32.2,0,0,0,"tech.1","tech.2","tech.2"
79,2016,14.3,12.6,-5,32.2,0,0,0,"tech.4","tech.4","tech.4"
80,2016,10.5,4.9,-5,32.2,0,0,0,"tech.1","tech.1","tech.1"
81,2016,12.5,3.8,-5,32.2,0,1,1,"tech.3","tech.1","tech.4"
82,2016,16.8,4.6,-5,32.2,0,0,0,"tech.3","tech.3","tech.3"
83,2016,25.4,0.5,-5,32.2,0,0,0,"tech.4","tech.4","tech.1"
84,2016,5.6,9.9,-5,32.2,1,0,0,"tech.1","tech.4","tech.3"
85,2016,11,0.6,-5,32.2,0,0,0,"tech.1","tech.3","tech.3"
86,2016,5.9,2.5,-5,32.2,0,0,0,"tech.3","tech.2","tech.4"
87,2016,14.7,1.6,-5,32.2,1,1,1,"tech.1","tech.2","tech.1"
88,2016,17.3,5.4,-5,32.2,0,0,0,"tech.1","tech.4","tech.2"
89,2016,17.8,1.1,-5,32.2,0,0,0,"tech.4","tech.3","tech.3"
90,2016,3.9,0,-5,32.2,0,0,1,"tech.3","tech.3","tech.2"
91,2016,15.6,3.7,-5,32.2,0,0,0,"tech.1","tech.2","tech.4"
92,2016,18,3.8,-5,32.2,0,0,0,"tech.1","tech.2","tech.4"
93,2016,12.7,4.7,-5,32.2,1,1,1,"tech.4","tech.1","tech.2"
94,2016,9.7,3.4,-5,32.2,0,0,0,"tech.3","tech.1","tech.2"
95,2016,20,1.8,-5,32.2,1,1,0,"tech.1","tech.2","tech.4"
96,2016,14.1,10.9,-5,32.2,0,1,0,"tech.2","tech.3","tech.4"
97,2016,14.7,12.2,-5,32.2,0,0,0,"tech.1","tech.4","tech.4"
98,2016,12.8,5.1,-5,32.2,1,1,0,"tech.1","tech.1","tech.1"
99,2016,17.8,0.1,-5,32.2,0,0,0,"tech.2","tech.2","tech.3"
100,2016,7.8,1.7,-5,32.2,0,0,0,"tech.2","tech.3","tech.4"
1,2017,12.8,2.9,-7.2,34.4,0,0,0,"tech.2","tech.2","tech.1"
2,2017,14.5,3,-7.2,34.4,0,0,0,"tech.4","tech.3","tech.3"
3,2017,11.5,21,-7.2,34.4,1,0,0,"tech.2","tech.2","tech.4"
4,2017,18,0.3,-7.2,34.4,0,0,0,"tech.1","tech.3","tech.4"
5,2017,16,0.8,-7.2,34.4,0,0,0,"tech.2","tech.2","tech.1"
6,2017,27.7,2.5,-7.2,34.4,0,0,0,"tech.3","tech.3","tech.4"
7,2017,19.3,0,-7.2,34.4,0,0,0,"tech.3","tech.4","tech.2"
8,2017,10.8,1.9,-7.2,34.4,0,1,1,"tech.3","tech.2","tech.2"
9,2017,23.2,0,-7.2,34.4,0,0,0,"tech.4","tech.1","tech.2"
10,2017,11.7,1.9,-7.2,34.4,1,0,0,"tech.2","tech.4","tech.2"
11,2017,8.7,4.5,-7.2,34.4,0,0,1,"tech.4","tech.1","tech.3"
12,2017,13.6,13.8,-7.2,34.4,1,0,1,"tech.2","tech.4","tech.1"
13,2017,19,2.2,-7.2,34.4,0,0,0,"tech.1","tech.2","tech.4"
14,2017,11.8,8.6,-7.2,34.4,0,0,0,"tech.3","tech.3","tech.2"
15,2017,19.7,4.5,-7.2,34.4,0,0,0,"tech.4","tech.3","tech.3"
16,2017,4.4,0.7,-7.2,34.4,0,0,0,"tech.4","tech.2","tech.3"
17,2017,17.6,3.5,-7.2,34.4,0,0,0,"tech.4","tech.4","tech.2"
18,2017,12.5,4.4,-7.2,34.4,0,0,0,"tech.2","tech.3","tech.3"
19,2017,13.2,1.1,-7.2,34.4,0,0,0,"tech.4","tech.3","tech.3"
20,2017,8.8,0.3,-7.2,34.4,0,0,0,"tech.1","tech.1","tech.3"
21,2017,10.6,4.2,-7.2,34.4,0,0,0,"tech.4","tech.2","tech.3"
22,2017,18.5,0,-7.2,34.4,0,0,0,"tech.4","tech.4","tech.4"
23,2017,13.8,3.6,-7.2,34.4,1,0,0,"tech.1","tech.4","tech.4"
24,2017,19.6,0.8,-7.2,34.4,0,0,0,"tech.1","tech.2","tech.2"
25,2017,17.6,8.3,-7.2,34.4,0,0,0,"tech.4","tech.1","tech.4"
26,2017,16.1,1.6,-7.2,34.4,0,0,0,"tech.4","tech.3","tech.2"
27,2017,19.8,0.3,-7.2,34.4,0,0,0,"tech.1","tech.3","tech.4"
28,2017,10.9,2.8,-7.2,34.4,0,0,0,"tech.2","tech.2","tech.2"
29,2017,14.1,0.1,-7.2,34.4,0,0,0,"tech.2","tech.2","tech.3"
30,2017,7.6,1.4,-7.2,34.4,0,0,0,"tech.4","tech.1","tech.2"
31,2017,15.2,6.5,-7.2,34.4,0,0,0,"tech.3","tech.4","tech.3"
32,2017,9.5,0.9,-7.2,34.4,0,1,1,"tech.3","tech.1","tech.3"
33,2017,12.7,13.1,-7.2,34.4,0,0,0,"tech.3","tech.3","tech.3"
34,2017,22.7,6.2,-7.2,34.4,0,0,0,"tech.3","tech.4","tech.1"
35,2017,21.2,0,-7.2,34.4,0,0,0,"tech.4","tech.1","tech.1"
36,2017,7.7,1.6,-7.2,34.4,0,1,1,"tech.3","tech.1","tech.3"
37,2017,12.8,1.5,-7.2,34.4,0,0,0,"tech.3","tech.4","tech.1"
38,2017,3.3,0,-7.2,34.4,0,0,0,"tech.1","tech.4","tech.3"
39,2017,11.2,0,-7.2,34.4,0,0,0,"tech.3","tech.3","tech.2"
40,2017,7.8,2.7,-7.2,34.4,0,0,0,"tech.2","tech.2","tech.4"
41,2017,17.9,7.7,-7.2,34.4,0,0,0,"tech.3","tech.1","tech.4"
42,2017,1.3,0,-7.2,34.4,0,1,0,"tech.3","tech.2","tech.3"
43,2017,9.1,0.5,-7.2,34.4,0,1,0,"tech.3","tech.1","tech.2"
44,2017,12.6,9.1,-7.2,34.4,0,0,0,"tech.2","tech.3","tech.4"
45,2017,7.6,2.8,-7.2,34.4,0,1,0,"tech.1","tech.2","tech.2"
46,2017,7.6,0.7,-7.2,34.4,0,0,0,"tech.4","tech.4","tech.3"
47,2017,3.4,0,-7.2,34.4,0,0,0,"tech.4","tech.3","tech.1"
48,2017,6.7,1.8,-7.2,34.4,0,0,0,"tech.4","tech.3","tech.4"
49,2017,16.4,11.5,-7.2,34.4,0,0,0,"tech.3","tech.3","tech.4"
50,2017,23.8,0.2,-7.2,34.4,0,0,0,"tech.1","tech.1","tech.4"
51,2017,15.9,4.3,-7.2,34.4,0,0,0,"tech.1","tech.2","tech.3"
52,2017,7.2,0.6,-7.2,34.4,0,0,0,"tech.1","tech.3","tech.3"
53,2017,23.4,4.8,-7.2,34.4,1,0,0,"tech.1","tech.4","tech.2"
54,2017,14.5,5.5,-7.2,34.4,0,0,0,"tech.3","tech.3","tech.3"
55,2017,19.2,0,-7.2,34.4,0,0,0,"tech.3","tech.4","tech.4"
56,2017,19.2,0.5,-7.2,34.4,0,0,0,"tech.3","tech.4","tech.4"
57,2017,7.5,1.6,-7.2,34.4,0,0,0,"tech.2","tech.4","tech.4"
58,2017,20.6,3,-7.2,34.4,0,0,0,"tech.3","tech.2","tech.1"
59,2017,18.7,1.3,-7.2,34.4,0,0,0,"tech.2","tech.4","tech.2"
60,2017,10.2,3.1,-7.2,34.4,1,0,0,"tech.1","tech.3","tech.3"
61,2017,11.1,0.4,-7.2,34.4,0,0,0,"tech.1","tech.2","tech.1"
62,2017,17.2,1.9,-7.2,34.4,0,0,0,"tech.1","tech.4","tech.4"
63,2017,22,1.3,-7.2,34.4,0,0,0,"tech.1","tech.1","tech.4"
64,2017,3.1,0,-7.2,34.4,0,0,0,"tech.2","tech.2","tech.4"
65,2017,23.8,0.1,-7.2,34.4,0,0,0,"tech.2","tech.4","tech.4"
66,2017,0.9,0,-7.2,34.4,0,1,0,"tech.2","tech.1","tech.1"
67,2017,19.2,0,-7.2,34.4,0,0,0,"tech.2","tech.4","tech.4"
68,2017,17.5,3,-7.2,34.4,0,0,0,"tech.2","tech.4","tech.1"
69,2017,5.4,0,-7.2,34.4,0,0,0,"tech.1","tech.1","tech.2"
70,2017,10.9,4.9,-7.2,34.4,0,0,0,"tech.3","tech.2","tech.3"
71,2017,12.3,5.4,-7.2,34.4,0,0,1,"tech.2","tech.4","tech.1"
72,2017,19.4,4.1,-7.2,34.4,0,0,0,"tech.1","tech.3","tech.2"
73,2017,2,0,-7.2,34.4,0,0,0,"tech.2","tech.4","tech.3"
74,2017,2.3,0,-7.2,34.4,0,0,0,"tech.2","tech.2","tech.4"
75,2017,14,8.1,-7.2,34.4,0,0,0,"tech.4","tech.2","tech.1"
76,2017,14.7,2.6,-7.2,34.4,0,0,0,"tech.2","tech.4","tech.3"
77,2017,14.1,0.7,-7.2,34.4,0,0,0,"tech.1","tech.4","tech.3"
78,2017,28.1,1,-7.2,34.4,0,0,0,"tech.2","tech.3","tech.4"
79,2017,14.3,14.4,-7.2,34.4,0,0,0,"tech.3","tech.2","tech.4"
80,2017,17.6,4.3,-7.2,34.4,0,0,0,"tech.2","tech.3","tech.3"
81,2017,11.1,2.9,-7.2,34.4,1,0,0,"tech.3","tech.2","tech.2"
82,2017,18.4,5.7,-7.2,34.4,0,0,0,"tech.3","tech.3","tech.3"
83,2017,25.3,1.6,-7.2,34.4,0,0,0,"tech.2","tech.2","tech.3"
84,2017,5.8,8.9,-7.2,34.4,0,1,0,"tech.3","tech.2","tech.2"
85,2017,16,1.3,-7.2,34.4,0,0,0,"tech.4","tech.4","tech.2"
86,2017,7.1,1.3,-7.2,34.4,0,0,0,"tech.4","tech.2","tech.4"
87,2017,14.1,1,-7.2,34.4,1,0,0,"tech.4","tech.1","tech.2"
88,2017,20,6.5,-7.2,34.4,0,1,1,"tech.3","tech.1","tech.1"
89,2017,21.6,1.9,-7.2,34.4,0,0,0,"tech.4","tech.2","tech.3"
90,2017,7,0,-7.2,34.4,0,0,0,"tech.3","tech.2","tech.1"
91,2017,17.5,2.4,-7.2,34.4,0,0,0,"tech.2","tech.3","tech.1"
92,2017,24.1,5.1,-7.2,34.4,0,1,0,"tech.2","tech.3","tech.4"
93,2017,11.8,5.1,-7.2,34.4,0,0,0,"tech.2","tech.4","tech.4"
94,2017,9.9,2.7,-7.2,34.4,0,0,0,"tech.3","tech.2","tech.4"
95,2017,19.3,5.8,-7.2,34.4,0,0,0,"tech.2","tech.3","tech.2"
96,2017,13.8,10.9,-7.2,34.4,0,0,0,"tech.2","tech.2","tech.3"
97,2017,14.1,12.2,-7.2,34.4,0,0,0,"tech.1","tech.1","tech.1"
98,2017,1.2,0,-7.2,34.4,0,0,0,"tech.2","tech.3","tech.1"
99,2017,24.3,0.3,-7.2,34.4,0,0,0,"tech.1","tech.1","tech.3"
100,2017,18.1,1.8,-7.2,34.4,0,0,0,"tech.2","tech.4","tech.2"
1,2018,8.5,2.9,-11.7,31.7,0,0,0,"tech.2","tech.4","tech.1"
2,2018,11.3,1.8,-11.7,31.7,1,0,1,"tech.2","tech.3","tech.1"
3,2018,11.5,21.5,-11.7,31.7,0,0,0,"tech.4","tech.1","tech.1"
4,2018,20.7,0.8,-11.7,31.7,0,0,0,"tech.4","tech.3","tech.2"
5,2018,14.5,0.2,-11.7,31.7,0,0,0,"tech.1","tech.3","tech.1"
6,2018,27.3,3.8,-11.7,31.7,0,0,0,"tech.3","tech.4","tech.4"
7,2018,16.3,0.8,-11.7,31.7,0,0,0,"tech.1","tech.1","tech.4"
8,2018,9.3,2.7,-11.7,31.7,1,0,0,"tech.1","tech.4","tech.4"
9,2018,18,0.4,-11.7,31.7,0,0,0,"tech.3","tech.4","tech.2"
10,2018,13.4,5,-11.7,31.7,0,0,0,"tech.4","tech.4","tech.3"
11,2018,8,6.6,-11.7,31.7,0,0,0,"tech.1","tech.2","tech.4"
12,2018,13.2,13.9,-11.7,31.7,0,0,0,"tech.3","tech.3","tech.3"
13,2018,12.3,7.9,-11.7,31.7,0,0,0,"tech.1","tech.3","tech.4"
14,2018,10.4,12.8,-11.7,31.7,1,1,0,"tech.1","tech.2","tech.2"
15,2018,18.4,4,-11.7,31.7,0,0,0,"tech.4","tech.3","tech.4"
16,2018,9.8,0.6,-11.7,31.7,0,0,0,"tech.2","tech.3","tech.2"
17,2018,12.7,5.2,-11.7,31.7,0,0,0,"tech.1","tech.3","tech.1"
18,2018,11.3,4.1,-11.7,31.7,0,1,0,"tech.4","tech.4","tech.3"
19,2018,16.8,2.2,-11.7,31.7,0,1,0,"tech.1","tech.2","tech.1"
20,2018,6.3,0.3,-11.7,31.7,0,0,0,"tech.4","tech.4","tech.3"
21,2018,11.3,5,-11.7,31.7,0,0,0,"tech.2","tech.4","tech.1"
22,2018,9.8,0.1,-11.7,31.7,0,0,0,"tech.2","tech.3","tech.4"
23,2018,13.3,6.3,-11.7,31.7,0,0,0,"tech.1","tech.1","tech.2"
24,2018,18.3,0.8,-11.7,31.7,0,0,0,"tech.2","tech.4","tech.1"
25,2018,17.8,8.5,-11.7,31.7,0,0,1,"tech.2","tech.1","tech.4"
26,2018,15.1,2.4,-11.7,31.7,0,0,0,"tech.1","tech.4","tech.4"
27,2018,16.5,0.9,-11.7,31.7,0,0,0,"tech.1","tech.1","tech.1"
28,2018,12.5,4.4,-11.7,31.7,0,0,0,"tech.3","tech.4","tech.1"
29,2018,10.2,0.1,-11.7,31.7,0,0,0,"tech.4","tech.4","tech.2"
30,2018,9.1,1.3,-11.7,31.7,0,0,1,"tech.1","tech.1","tech.3"
31,2018,13.3,11.6,-11.7,31.7,0,0,0,"tech.3","tech.2","tech.3"
32,2018,8.5,2.6,-11.7,31.7,0,0,0,"tech.1","tech.4","tech.4"
33,2018,11.8,13.3,-11.7,31.7,1,1,0,"tech.4","tech.2","tech.1"
34,2018,15.9,7.9,-11.7,31.7,0,0,0,"tech.2","tech.1","tech.2"
35,2018,13.4,0,-11.7,31.7,0,0,0,"tech.1","tech.4","tech.4"
36,2018,8,1.5,-11.7,31.7,1,1,0,"tech.2","tech.1","tech.4"
37,2018,10,2.5,-11.7,31.7,0,0,0,"tech.2","tech.2","tech.2"
38,2018,6.4,0,-11.7,31.7,0,0,0,"tech.1","tech.2","tech.1"
39,2018,10.8,0,-11.7,31.7,0,0,0,"tech.4","tech.1","tech.4"
40,2018,6,1.6,-11.7,31.7,0,0,0,"tech.3","tech.4","tech.3"
41,2018,14.2,8.6,-11.7,31.7,0,0,0,"tech.4","tech.1","tech.1"
42,2018,4.5,0,-11.7,31.7,0,0,0,"tech.3","tech.4","tech.4"
43,2018,6.7,2.5,-11.7,31.7,0,0,0,"tech.1","tech.1","tech.3"
44,2018,13.6,9.7,-11.7,31.7,1,1,0,"tech.2","tech.3","tech.3"
45,2018,6.2,2.9,-11.7,31.7,0,1,0,"tech.4","tech.1","tech.4"
46,2018,6.8,0.9,-11.7,31.7,1,0,1,"tech.1","tech.4","tech.1"
47,2018,20,0,-11.7,31.7,0,1,0,"tech.1","tech.4","tech.4"
48,2018,4.5,1.9,-11.7,31.7,0,0,0,"tech.3","tech.1","tech.1"
49,2018,9.3,17.9,-11.7,31.7,0,0,1,"tech.3","tech.4","tech.1"
50,2018,20.1,3.8,-11.7,31.7,0,0,0,"tech.1","tech.3","tech.4"
51,2018,13.2,7.6,-11.7,31.7,0,0,0,"tech.2","tech.1","tech.4"
52,2018,6.5,0.5,-11.7,31.7,1,0,1,"tech.1","tech.4","tech.1"
53,2018,17.3,5.2,-11.7,31.7,0,0,0,"tech.4","tech.1","tech.1"
54,2018,9.9,2.1,-11.7,31.7,0,0,0,"tech.2","tech.4","tech.4"
55,2018,0,0,-11.7,31.7,0,0,0,"tech.2","tech.2","tech.2"
56,2018,13.5,0.3,-11.7,31.7,0,0,0,"tech.1","tech.3","tech.2"
57,2018,8.8,1.5,-11.7,31.7,0,0,0,"tech.1","tech.2","tech.4"
58,2018,19.4,1.5,-11.7,31.7,0,0,0,"tech.2","tech.1","tech.2"
59,2018,18.5,1.4,-11.7,31.7,0,0,0,"tech.1","tech.3","tech.4"
60,2018,9.4,2,-11.7,31.7,0,0,0,"tech.4","tech.1","tech.4"
61,2018,10.7,0.9,-11.7,31.7,0,0,0,"tech.1","tech.1","tech.4"
62,2018,18.7,0.8,-11.7,31.7,0,0,0,"tech.3","tech.2","tech.1"
63,2018,22.3,2.8,-11.7,31.7,0,0,0,"tech.3","tech.1","tech.3"
64,2018,6.1,0,-11.7,31.7,0,0,0,"tech.4","tech.1","tech.4"
65,2018,18.7,0.4,-11.7,31.7,0,0,0,"tech.1","tech.1","tech.1"
66,2018,5.5,0,-11.7,31.7,0,0,0,"tech.4","tech.4","tech.4"
67,2018,12.4,1.3,-11.7,31.7,0,0,0,"tech.3","tech.4","tech.2"
68,2018,14.5,4,-11.7,31.7,0,0,0,"tech.1","tech.3","tech.3"
69,2018,14,0,-11.7,31.7,1,0,0,"tech.1","tech.3","tech.4"
70,2018,7.9,4.3,-11.7,31.7,0,0,0,"tech.4","tech.2","tech.3"
71,2018,9.4,3.6,-11.7,31.7,1,0,0,"tech.3","tech.3","tech.3"
72,2018,14.4,9.4,-11.7,31.7,0,0,0,"tech.1","tech.4","tech.1"
73,2018,22.8,0.1,-11.7,31.7,0,0,0,"tech.2","tech.4","tech.2"
74,2018,6.9,0,-11.7,31.7,0,0,1,"tech.1","tech.2","tech.3"
75,2018,14,6.9,-11.7,31.7,0,1,0,"tech.2","tech.2","tech.1"
76,2018,16.2,3.1,-11.7,31.7,0,0,0,"tech.3","tech.1","tech.4"
77,2018,10.4,3.1,-11.7,31.7,0,0,0,"tech.1","tech.1","tech.3"
78,2018,29,1.9,-11.7,31.7,1,0,0,"tech.1","tech.2","tech.2"
79,2018,13.6,16.4,-11.7,31.7,0,0,0,"tech.4","tech.2","tech.2"
80,2018,12.4,7.6,-11.7,31.7,0,0,0,"tech.3","tech.1","tech.3"
81,2018,14.7,4.1,-11.7,31.7,0,1,1,"tech.3","tech.1","tech.1"
82,2018,17.9,5.6,-11.7,31.7,0,0,0,"tech.3","tech.3","tech.3"
83,2018,20.5,1.2,-11.7,31.7,0,0,0,"tech.4","tech.3","tech.1"
84,2018,6.1,9.4,-11.7,31.7,1,1,0,"tech.3","tech.2","tech.2"
85,2018,12.1,0.1,-11.7,31.7,0,1,1,"tech.2","tech.2","tech.2"
86,2018,3.6,2.7,-11.7,31.7,0,0,0,"tech.2","tech.1","tech.4"
87,2018,13.5,1.4,-11.7,31.7,0,0,0,"tech.2","tech.3","tech.4"
88,2018,16.4,6.3,-11.7,31.7,0,0,0,"tech.3","tech.3","tech.2"
89,2018,14.6,3.6,-11.7,31.7,0,0,0,"tech.3","tech.4","tech.2"
90,2018,4.5,0,-11.7,31.7,0,0,0,"tech.4","tech.4","tech.2"
91,2018,15.2,6.9,-11.7,31.7,0,0,0,"tech.2","tech.3","tech.4"
92,2018,19.3,7.1,-11.7,31.7,0,0,0,"tech.1","tech.1","tech.3"
93,2018,11.3,5.5,-11.7,31.7,0,0,1,"tech.2","tech.2","tech.1"
94,2018,11.6,5.9,-11.7,31.7,0,1,1,"tech.2","tech.1","tech.3"
95,2018,13.7,8.4,-11.7,31.7,0,0,0,"tech.2","tech.1","tech.2"
96,2018,13.1,11.1,-11.7,31.7,0,0,0,"tech.2","tech.4","tech.4"
97,2018,14.1,12.4,-11.7,31.7,0,0,0,"tech.3","tech.1","tech.1"
98,2018,16.6,0,-11.7,31.7,0,0,0,"tech.4","tech.3","tech.2"
99,2018,21.4,0.4,-11.7,31.7,0,0,0,"tech.1","tech.3","tech.3"
100,2018,15.5,3,-11.7,31.7,0,0,0,"tech.2","tech.3","tech.1"
